,Pareto_presence,to_outlet
200000,0,20359.31141298087
200001,0,20259.31141298087
200002,0,20159.31141298087
200003,0,20059.31141298087
200004,0,19959.31141298087
200005,0,19859.31141298087
200006,0,19759.31141298087
200007,0,19659.31141298087
200008,9,19559.31141298087
200009,91,19459.31141298087
200010,0,19359.31141298087
200011,0,19259.31141298087
200012,0,20195.609280274028
200013,19,20095.609280274028
200014,26,19995.609280274028
200015,0,19711.29215451059
200016,0,19611.29215451059
200017,0,18678.871861774376
200018,0,18578.871861774376
200019,25,18478.871861774376
200020,30,18378.871861774376
200021,0,18278.871861774376
200022,0,18178.871861774376
200023,0,20182.618548956427
200024,0,20082.618548956427
200025,0,19982.618548956427
200026,10,19195.198664214506
200027,7,19095.198664214506
200028,0,18995.198664214506
200029,1,18259.290687033637
200030,0,18159.290687033637
200031,1,18059.290687033637
200032,0,19066.67419676649
200033,0,18966.67419676649
200034,8,18373.35703710637
200035,9,18273.35703710637
200036,0,18173.35703710637
200037,35,18073.35703710637
200038,0,18237.565939142853
200039,85,18276.865384227756
200040,65,18176.865384227756
200041,20,18076.865384227756
200042,0,17976.865384227756
200043,15,19215.230634876047
200044,13,19115.230634876047
200045,27,19015.230634876047
200046,69,18915.230634876047
200047,0,18815.230634876047
200048,8,18821.529782128902
200049,0,18721.529782128902
200050,10,18621.529782128902
200051,43,18521.529782128902
200052,14,18421.529782128902
200053,0,18321.529782128902
200054,0,15242.576412568498
200055,7,15142.576412568498
200056,0,15042.576412568498
200057,1,14942.576412568498
200058,8,18782.732975406
200059,0,18682.732975406
200060,0,18269.54109004379
200061,0,15659.31071555221
200062,1,15285.053407651856
200063,1,15185.053407651856
200064,0,15085.053407651856
200065,1,14985.053407651856
200066,28,15693.12977516152
200067,0,15593.12977516152
200068,42,17865.04656797326
200069,0,18594.853644006784
200070,17,15364.003849411454
200071,1,15264.003849411454
200072,0,15164.003849411454
200073,1,15064.003849411454
200074,26,18453.252682048522
200075,0,18515.134319810917
200076,7,18915.20172879895
200077,0,18815.20172879895
200078,0,18491.801826144372
200079,0,18391.801826144372
200080,58,18291.801826144372
200081,0,18191.801826144372
200082,5,14860.108631649915
200083,7,14760.108631649915
200084,0,14660.108631649915
200085,0,18242.646475372592
200086,0,17992.566843862925
200087,0,17892.566843862925
200088,139,17792.566843862925
200089,0,17692.566843862925
200090,7,17847.1355024984
200091,2,17747.1355024984
200092,1,15130.928077702523
200093,55,17664.24227627216
200094,0,17564.24227627216
200095,0,14956.954533390506
200096,0,14856.954533390506
200097,0,18126.455276692148
200098,0,14650.790521965682
200099,0,18176.475144964013
200100,0,14396.709612629904
200101,0,14296.709612629904
200102,0,17609.578603922615
200103,113,17509.578603922615
200104,2,17409.578603922615
200105,8,17309.578603922615
200106,10,18720.595044286605
200107,0,18620.595044286605
200108,0,18520.595044286605
200109,13,14880.719999499079
200110,47,18303.045051209734
200111,0,18203.045051209734
200112,0,18103.045051209734
200113,0,14958.979509408053
200114,1,14858.979509408053
200115,0,14830.32298648239
200116,0,18825.498922115858
200117,7,18725.498922115858
200118,0,18625.498922115858
200119,0,18525.498922115858
200120,0,16920.840652024704
200121,0,16820.840652024704
200122,2,16720.840652024704
200123,0,17956.47106060899
200124,4,17856.47106060899
200125,0,17756.47106060899
200126,20,12682.839097075434
200127,0,12582.839097075434
200128,0,12482.839097075434
200129,25,13383.17096893252
200130,1,13283.17096893252
200131,10,13183.17096893252
200132,0,13083.17096893252
200133,0,12983.17096893252
200134,13,12883.17096893252
200135,2,12783.17096893252
200136,2,12683.17096893252
200137,13,12583.17096893252
200138,0,12483.17096893252
200139,0,14683.386735419275
200140,1,14583.386735419275
200141,0,14483.386735419275
200142,5,14383.386735419275
200143,36,14283.386735419275
200144,35,14183.386735419275
200145,0,14603.396204260449
200146,0,14503.396204260449
200147,0,12435.398026526052
200148,1,12335.398026526052
200149,1,12235.398026526052
200150,9,12135.398026526052
200151,9,12035.398026526052
200152,1,11935.398026526052
200153,0,13916.544143829191
200154,23,13816.544143829191
200155,0,14580.70887823915
200156,0,12420.585431830048
200157,0,14052.969644356177
200158,34,13952.969644356177
200159,20,13852.969644356177
200160,1,13752.969644356177
200161,4,13652.969644356177
200162,15,13552.969644356177
200163,0,14298.482117631298
200164,4,14198.482117631298
200165,0,12353.125747089498
200166,1,11869.82008075333
200167,1,11769.82008075333
200168,0,11669.82008075333
200169,19,11569.82008075333
200170,0,16868.440404333764
200171,0,16768.440404333764
200172,46,19004.43001336995
200173,24,18904.43001336995
200174,0,18804.43001336995
200175,0,16255.132856694287
200176,14,15962.023336113289
200177,0,15862.023336113289
200178,30,15762.023336113289
200179,13,15662.023336113289
200180,0,15562.023336113289
200181,0,18825.441748620397
200182,0,18725.441748620397
200183,31,12235.44812459454
200184,0,14220.229810579804
200185,18,14120.229810579804
200186,0,14020.229810579804
200187,4,12173.079309501642
200188,0,13736.833513924033
200189,0,13636.833513924033
200190,0,14260.120181100974
200191,0,14160.120181100974
200192,0,12102.486728414562
200193,4,12002.486728414562
200194,0,11902.486728414562
200195,52,18133.26950953435
200196,34,18033.26950953435
200197,50,17933.26950953435
200198,1,17833.26950953435
200199,109,17733.26950953435
200200,0,17633.26950953435
200201,9,17955.805521532548
200202,86,17855.805521532548
200203,0,17755.805521532548
200204,0,14770.07228919921
200205,20,14670.07228919921
200206,0,14570.07228919921
200207,71,14470.07228919921
200208,69,14370.07228919921
200209,0,14270.07228919921
200210,113,14170.07228919921
200211,3,16078.437490598179
200212,0,11674.053439293495
200213,14,11574.053439293495
200214,0,11612.960659284772
200215,2,11512.960659284772
200216,20,11412.960659284772
200217,20,11312.960659284772
200218,0,13787.578305610197
200219,0,11619.74190257657
200220,0,11519.74190257657
200221,20,19017.700478028884
200222,0,18917.700478028884
200223,24,13531.022428940663
200224,6,13431.022428940663
200225,28,13331.022428940663
200226,0,13231.022428940663
200227,2,19573.427170421783
200228,2,19473.427170421783
200229,20,18084.11346747683
200230,24,17984.11346747683
200231,27,17884.11346747683
200232,0,15901.671833512308
200233,2,11296.39350567642
200234,0,11196.39350567642
200235,42,11175.231758152813
200236,24,11075.231758152813
200237,2,10975.231758152813
200238,96,10875.231758152813
200239,101,10775.231758152813
200240,0,13114.894693741982
200241,0,13014.894693741982
200242,0,12914.894693741982
200243,0,12822.994422926473
200244,0,12722.994422926473
200245,0,12622.994422926473
200246,43,12522.994422926473
200247,0,12422.994422926473
200248,0,12322.994422926473
200249,0,11747.43727633789
200250,1,13704.088029346894
200251,42,13604.088029346894
200252,0,13504.088029346894
200253,0,13404.088029346894
200254,67,13304.088029346894
200255,0,13204.088029346894
200256,27,11770.295032367436
200257,0,19898.818463037842
200258,0,19798.818463037842
200259,0,19698.818463037842
200260,10,13172.682852236157
200261,0,13072.682852236157
200262,0,12972.682852236157
200263,3,18337.34824937145
200264,0,18237.34824937145
200265,8,18137.34824937145
200266,15,18037.34824937145
200267,0,13197.176321613633
200268,0,13097.176321613633
200269,0,12997.176321613633
200270,0,12897.176321613633
200271,0,12797.176321613633
200272,40,12697.176321613633
200273,0,12597.176321613633
200274,0,13442.589935087852
200275,13,13342.589935087852
200276,33,13242.589935087852
200277,95,13142.589935087852
200278,1,15428.814936198489
200279,0,15328.814936198489
200280,0,15228.814936198489
200281,1,15128.814936198489
200282,0,15028.814936198489
200283,0,14928.814936198489
200284,13,19508.3840461375
200285,8,19408.3840461375
200286,20,19308.3840461375
200287,9,10610.543375331066
200288,1,18938.655285351106
200289,16,18838.655285351106
200290,0,18738.655285351106
200291,0,18638.655285351106
200292,0,19923.2880742434
200293,0,19823.2880742434
200294,7,19723.2880742434
200295,0,12495.647065244826
200296,1,12395.647065244826
200297,0,12295.647065244826
200298,1,12195.647065244826
200299,5,12095.647065244826
200300,0,11995.647065244826
200301,103,11895.647065244826
200302,4,11795.647065244826
200303,0,11695.647065244826
200304,0,11595.647065244826
200305,3,9115.46113320209
200306,0,9015.46113320209
200307,6,8915.46113320209
200308,0,8815.46113320209
200309,0,16630.75579880557
200310,2,16530.75579880557
200311,0,16430.75579880557
200312,0,16330.75579880557
200313,0,10742.845730903464
200314,0,10642.845730903464
200315,36,10814.735127501439
200316,0,10714.735127501439
200317,25,10614.735127501439
200318,0,13429.781777075299
200319,47,13329.781777075299
200320,22,18960.792980917777
200321,0,18860.792980917777
200322,10,18760.792980917777
200323,0,18660.792980917777
200324,1,16452.958310199534
200325,0,16352.958310199534
200326,0,16252.958310199534
200327,3,16152.958310199534
200328,2,8985.075384670366
200329,4,8885.075384670366
200330,0,8785.075384670366
200331,0,8685.075384670366
200332,0,19111.370786573636
200333,2,19011.370786573636
200334,14,18911.370786573636
200335,0,18811.370786573636
200336,3,14090.031463317691
200337,1,13990.031463317691
200338,18,13890.031463317691
200339,0,8995.450467596713
200340,10,8895.450467596713
200341,0,8795.450467596713
200342,18,12938.959193164106
200343,0,19884.100750092282
200344,0,19784.100750092282
200345,0,19684.100750092282
200346,45,10063.787798778636
200347,18,9963.787798778636
200348,0,9863.787798778636
200349,4,9763.787798778636
200350,0,9663.787798778636
200351,46,9563.787798778636
200352,72,9463.787798778636
200353,10,9363.787798778636
200354,0,9263.787798778636
200355,0,10479.899611521496
200356,17,10379.899611521496
200357,3,10279.899611521496
200358,0,10179.899611521496
200359,0,19833.572862880166
200360,0,19733.572862880166
200361,0,19633.572862880166
200362,0,10045.81817848883
200363,0,19991.8301513953
200364,0,19891.8301513953
200365,0,19791.8301513953
200366,0,19691.8301513953
200367,0,11516.235549412291
200368,0,11416.235549412291
200369,0,12629.773765049495
200370,9,10891.027359299698
200371,5,10791.027359299698
200372,8,10691.027359299698
200373,0,10591.027359299698
200374,32,10491.027359299698
200375,1,10391.027359299698
200376,0,9671.10596473607
200377,19,14723.7923091089
200378,4,15207.942672849944
200379,0,15107.942672849944
200380,30,20060.77740390005
200381,0,19960.77740390005
200382,0,19860.77740390005
200383,0,19760.77740390005
200384,0,19660.77740390005
200385,75,15132.057876603449
200386,40,20040.875189235187
200387,0,19940.875189235187
200388,0,19840.875189235187
200389,0,19740.875189235187
200390,0,11212.360651904877
200391,5,9620.96082727276
200392,24,9520.96082727276
200393,0,14869.794684216653
200394,0,14769.794684216653
200395,0,14669.794684216653
200396,3,9463.520546846386
200397,0,10578.138444731028
200398,31,10478.138444731028
200399,0,10378.138444731028
200400,40,8484.47785740858
200401,1,8384.47785740858
200402,6,8284.47785740858
200403,0,8184.477857408579
200404,0,11370.866874663992
200405,0,11270.866874663992
200406,0,11170.866874663992
200407,0,11070.866874663992
200408,0,10970.866874663992
200409,0,19590.402678220635
200410,0,12324.159647606706
200411,20,12224.159647606706
200412,0,12124.159647606706
200413,23,8816.293141561997
200414,2,8716.293141561997
200415,2,8616.293141561997
200416,2,8516.293141561997
200417,0,8416.293141561997
200418,0,8316.293141561997
200419,0,13282.112231748091
200420,33,13182.112231748091
200421,47,13082.112231748091
200422,0,12982.112231748091
200423,0,12882.112231748091
200424,0,14295.284420179203
200425,0,10003.959054872828
200426,4,20095.86967713476
200427,8,19995.86967713476
200428,3,19895.86967713476
200429,0,19795.86967713476
200430,0,19695.86967713476
200431,41,19595.86967713476
200432,13,19495.86967713476
200433,86,19395.86967713476
200434,7,7914.850664149575
200435,0,7814.850664149575
200436,0,7714.850664149575
200437,0,7842.019768497554
200438,24,7742.019768497554
200439,0,8019.426439605714
200440,0,7919.426439605714
200441,30,7819.426439605714
200442,0,7719.426439605714
200443,33,7619.426439605714
200444,0,7519.426439605714
200445,25,7419.426439605714
200446,0,9338.914969488043
200447,0,9436.204108938224
200448,0,7678.630919359333
200449,0,7578.630919359333
200450,3,20051.766172408938
200451,0,19951.766172408938
200452,5,12554.595106386045
200453,0,12454.595106386045
200454,0,12354.595106386045
200455,0,10781.388020115142
200456,0,10681.388020115142
200457,0,10581.388020115142
200458,0,10481.388020115142
200459,0,10381.388020115142
200460,0,10281.388020115142
200461,0,10181.388020115142
200462,11,13029.627405931224
200463,0,9725.61144403351
200464,0,9625.61144403351
200465,0,9525.61144403351
200466,4,20320.793189972497
200467,0,20220.793189972497
200468,0,20120.793189972497
200469,7,20020.793189972497
200470,14,19920.793189972497
200471,7,19820.793189972497
200472,0,19720.793189972497
200473,0,13511.595439666735
200474,0,13411.595439666735
200475,0,13311.595439666735
200476,2,13211.595439666735
200477,59,13111.595439666735
200478,99,13011.595439666735
200479,0,11473.34460687274
200480,0,11373.34460687274
200481,0,8333.853056048452
200482,0,8233.853056048452
200483,0,9268.361064180148
200484,0,9168.361064180148
200485,0,9068.361064180148
200486,0,14809.234436627887
200487,0,14709.234436627887
200488,0,14609.234436627887
200489,61,14509.234436627887
200490,0,14409.234436627887
200491,0,14309.234436627887
200492,0,8479.667226708754
200493,0,20374.94515778222
200494,0,20274.94515778222
200495,40,20174.94515778222
200496,0,7360.032403771132
200497,0,7260.032403771132
200498,1,7160.032403771132
200499,0,5792.730277489583
200500,0,5692.730277489583
200501,1,5592.730277489583
200502,0,5492.730277489583
200503,30,20463.504474009038
200504,0,20363.504474009038
200505,57,20263.504474009038
200506,0,20163.504474009038
200507,0,10529.111819490176
200508,0,10429.111819490176
200509,0,10329.111819490176
200510,24,12435.764647331114
200511,0,12335.764647331114
200512,0,7328.956505329637
200513,0,7228.956505329637
200514,0,7128.956505329637
200515,1,9429.897060164732
200516,0,9329.897060164732
200517,0,9229.897060164732
200518,0,9129.897060164732
200519,1,7632.778685445693
200520,0,7532.778685445693
200521,0,7432.778685445693
200522,0,7332.778685445693
200523,1,7232.778685445693
200524,17,7132.778685445693
200525,6,7162.557706440305
200526,0,12154.08493885467
200527,0,12054.08493885467
200528,0,11954.08493885467
200529,0,7108.694914685314
200530,0,7794.946854504429
200531,5,5765.8395910161635
200532,0,5665.8395910161635
200533,20,5565.8395910161635
200534,8,5465.8395910161635
200535,0,7754.927335629081
200536,0,7654.927335629081
200537,21,11173.693716789367
200538,0,11073.693716789367
200539,0,10973.693716789367
200540,0,7764.954130631859
200541,0,7664.954130631859
200542,0,7564.954130631859
200543,13,12443.886474913557
200544,24,14193.023278075949
200545,5,14093.023278075949
200546,1,13993.023278075949
200547,13,13893.023278075949
200548,0,13793.023278075949
200549,25,13693.023278075949
200550,27,13593.023278075949
200551,0,8876.710105983868
200552,23,13596.181572643374
200553,0,6907.655958114655
200554,19,6807.655958114655
200555,0,6707.655958114655
200556,0,7108.063115711733
200557,20,7008.063115711733
200558,1,11544.609535455316
200559,0,11444.609535455316
200560,11,11344.609535455316
200561,34,11244.609535455316
200562,24,11144.609535455316
200563,1,11044.609535455316
200564,0,10944.609535455316
200565,0,13898.464728828827
200566,0,13798.464728828827
200567,12,13698.464728828827
200568,0,13598.464728828827
200569,0,6582.4769239875595
200570,0,5471.995435300556
200571,1,5371.995435300556
200572,21,5271.995435300556
200573,14,5171.995435300556
200574,0,12663.497252475683
200575,0,12563.497252475683
200576,8,12463.497252475683
200577,0,8874.746239206297
200578,0,8774.746239206297
200579,0,8674.746239206297
200580,0,7929.492104927608
200581,0,7829.492104927608
200582,0,7729.492104927608
200583,0,7629.492104927608
200584,0,7529.492104927608
200585,0,7429.492104927608
200586,0,6644.895184508342
200587,6,6544.895184508342
200588,0,6444.895184508342
200589,0,7492.700693291559
200590,0,9003.774709568841
200591,0,8903.774709568841
200592,0,13677.36887513804
200593,0,13577.36887513804
200594,10,13477.36887513804
200595,29,13377.36887513804
200596,0,13277.36887513804
200597,62,13177.36887513804
200598,0,10632.121553076375
200599,0,10532.121553076375
200600,8,6138.548833094065
200601,12,6038.548833094065
200602,0,7098.622346313379
200603,28,6332.657563381641
200604,5,6232.657563381641
200605,0,6132.657563381641
200606,0,6065.272570117486
200607,0,5965.272570117486
200608,0,9413.627593334682
200609,0,9313.627593334682
200610,0,10700.11501036096
200611,0,11877.330799596071
200612,1,11777.330799596071
200613,3,11677.330799596071
200614,0,11577.330799596071
200615,1,11477.330799596071
200616,5,5877.057736555595
200617,0,5777.057736555595
200618,0,5677.057736555595
200619,0,5252.130536841092
200620,0,5152.130536841092
200621,1,8284.160308852877
200622,0,8184.160308852877
200623,0,8084.160308852877
200624,0,6982.569113401245
200625,0,11518.260172651822
200626,0,6022.9209041093245
200627,0,5922.9209041093245
200628,0,5822.9209041093245
200629,2,5794.44122631118
200630,0,5694.44122631118
200631,0,5594.44122631118
200632,0,4744.960727838457
200633,0,9516.529129459455
200634,1,5218.760155889347
200635,0,5118.760155889347
200636,0,5018.760155889347
200637,0,4736.042580256163
200638,0,5794.317356281631
200639,7,5694.317356281631
200640,3,9636.721061944105
200641,0,9536.721061944105
200642,3,11620.750438030082
200643,11,11520.750438030082
200644,0,11420.750438030082
200645,7,6366.168142897134
200646,0,6266.168142897134
200647,16,6166.168142897134
200648,2,6066.168142897134
200649,0,5966.168142897134
200650,0,7292.943474945501
200651,0,11124.925360665495
200652,40,11024.925360665495
200653,0,10924.925360665495
200654,8,10824.925360665495
200655,24,10724.925360665495
200656,0,4228.429387921936
200657,0,4128.429387921936
200658,0,4028.429387921936
200659,0,3928.429387921936
200660,0,3828.429387921936
200661,1,3728.429387921936
200662,25,3628.429387921936
200663,0,3528.429387921936
200664,0,3428.429387921936
200665,0,8619.45840865201
200666,1,8519.45840865201
200667,1,8419.45840865201
200668,0,8319.45840865201
200669,0,7483.024765449069
200670,2,7383.024765449069
200671,7,7283.024765449069
200672,3,5824.506757499117
200673,1,5724.506757499117
200674,0,5624.506757499117
200675,0,5524.506757499117
200676,0,5424.506757499117
200677,0,5324.506757499117
200678,0,5224.506757499117
200679,0,5124.506757499117
200680,0,5024.506757499117
200681,0,4924.506757499117
200682,28,5000.26863112454
200683,15,3785.262706960073
200684,0,3685.262706960073
200685,0,3585.262706960073
200686,0,3485.262706960073
200687,0,3385.262706960073
200688,0,5325.519354281985
200689,1,5225.519354281985
200690,0,5125.519354281985
200691,1,5025.519354281985
200692,17,4925.519354281985
200693,8,7885.212737597323
200694,22,7785.212737597323
200695,37,7685.212737597323
200696,0,7585.212737597323
200697,105,7485.212737597323
200698,0,7385.212737597323
200699,0,7285.212737597323
200700,0,7185.212737597323
200701,0,7085.212737597323
200702,0,3508.456051620634
200703,0,3408.456051620634
200704,4,8780.473712160547
200705,0,8680.473712160547
200706,0,8580.473712160547
200707,1,8480.473712160547
200708,0,8380.473712160547
200709,0,8280.473712160547
200710,0,3730.5768792645376
200711,0,3630.5768792645376
200712,0,3530.5768792645376
200713,0,3430.5768792645376
200714,0,3330.5768792645376
200715,0,4662.187714750282
200716,0,4562.187714750282
200717,0,5452.064516345727
200718,20,5352.064516345727
200719,0,4293.908096208801
200720,0,4193.908096208801
200721,0,4093.908096208801
200722,0,3993.908096208801
200723,0,3893.908096208801
200724,0,3793.908096208801
200725,20,8816.35493647292
200726,23,8716.35493647292
200727,0,8616.35493647292
200728,4,8516.35493647292
200729,0,8416.35493647292
200730,0,8316.35493647292
200731,0,8216.35493647292
200732,0,8116.354936472921
200733,0,8016.354936472921
200734,0,4869.82089930878
200735,1,6215.376858292712
200736,5,6115.376858292712
200737,0,6015.376858292712
200738,0,5915.376858292712
200739,0,3025.4517256321146
200740,0,8838.302798513587
200741,1,8738.302798513587
200742,14,8638.302798513587
200743,0,8538.302798513587
200744,0,8438.302798513587
200745,21,4043.336291445619
200746,1,3943.336291445619
200747,0,3843.336291445619
200748,0,3743.336291445619
200749,0,3374.5826903116713
200750,0,3274.5826903116713
200751,0,3174.5826903116713
200752,0,8891.507823209782
200753,11,8791.507823209782
200754,1,8691.507823209782
200755,11,8591.507823209782
200756,6,8491.507823209782
200757,0,8391.507823209782
200758,0,3839.6250832175424
200759,1,6115.11669227443
200760,0,6015.11669227443
200761,0,5915.11669227443
200762,0,4171.205551607189
200763,0,4071.2055516071887
200764,0,5075.4725351184015
200765,0,4975.4725351184015
200766,0,4875.4725351184015
200767,0,3786.9901075213097
200768,0,3716.379428677014
200769,0,3616.379428677014
200770,0,3516.379428677014
200771,0,5517.77494462261
200772,12,2783.1981224767346
200773,0,2683.1981224767346
200774,3,2583.1981224767346
200775,0,2483.1981224767346
200776,0,2383.1981224767346
200777,5,5742.794731137507
200778,0,5642.794731137507
200779,0,5542.794731137507
200780,0,3800.874456605381
200781,1,2453.341604087476
200782,0,2353.341604087476
200783,0,2253.341604087476
200784,0,2153.341604087476
200785,0,2053.341604087476
200786,2,3676.6470065388767
200787,0,3576.6470065388767
200788,0,3476.6470065388767
200789,14,3376.6470065388767
200790,0,3276.6470065388767
200791,0,3176.6470065388767
200792,0,3076.6470065388767
200793,0,2976.6470065388767
200794,0,2876.6470065388767
200795,0,4215.341772845302
200796,0,4115.341772845302
200797,0,4015.3417728453023
200798,0,3019.9766691391083
200799,1,4205.312922126952
200800,0,4105.312922126952
200801,0,4005.312922126952
200802,0,3069.2248559427726
200803,0,3543.6288606441904
200804,0,3591.0645005552856
200805,0,3130.0174791876834
200806,0,1639.927721200966
200807,3,1772.149986025076
200808,4,1672.149986025076
200809,2,1572.149986025076
200810,0,1472.149986025076
200811,0,1372.149986025076
200812,0,2798.006758764387
200813,0,2698.006758764387
200814,0,1689.658319543648
200815,0,1589.658319543648
200816,0,1456.7043345410998
200817,0,1356.7043345410998
200818,0,1256.7043345410998
200819,0,1552.8878544944384
200820,0,1250.6027551949855
200821,0,2221.5971206465124
200822,0,2121.5971206465124
200823,0,2021.5971206465124
200824,0,1532.8056241581307
200825,3,1432.8056241581307
200826,36,1332.8056241581307
200827,0,742.2914874793971
200828,3,773.9893313271455
200829,21,673.9893313271455
200830,0,573.9893313271455
200831,0,473.98933132714546
200832,0,447.9886486507188
200833,0,347.9886486507188
200834,0,247.9886486507188
200835,0,147.9886486507188
300836,0,19950.24890168871
300837,10,19850.24890168871
300838,0,19750.24890168871
300839,14,19650.24890168871
300840,0,19550.24890168871
300841,96,19450.243819216186
300842,0,19350.243819216186
300843,0,19250.243819216186
300844,0,19150.2479674679
300845,0,19050.2479674679
300846,0,18950.2479674679
300847,0,18916.65615503509
300848,0,18152.429540631216
300849,0,18052.429540631216
300850,14,17948.182196428454
300851,16,17848.182196428454
300852,0,17748.180931734383
300853,18,17648.180931734383
300854,0,17548.180931734383
300855,0,17448.180931734383
300856,0,18240.56504999307
300857,56,18140.56504999307
300858,0,15548.426469422811
300859,13,15448.426469422811
300860,0,15348.426469422811
300861,0,15248.426469422811
300862,0,15148.426469422811
300863,18,15048.426469422811
300864,0,14948.426469422811
300865,76,14848.426469422811
300866,17,14748.430510151895
300867,13,14648.430510151895
300868,41,14548.430510151895
300869,0,18782.78753638227
300870,0,18682.78753638227
300871,21,18582.78753638227
300872,0,18482.78753638227
300873,0,14881.622217974704
300874,27,14781.622217974704
300875,0,14681.622217974704
300876,0,14581.622217974704
300877,13,14481.622217974704
300878,0,14381.622217974704
300879,17,14281.622217974704
300880,27,14181.621613273654
300881,22,14081.621613273654
300882,3,13981.621613273654
300883,22,13881.621613273654
300884,1,13781.623353052735
300885,4,13681.623353052735
300886,3,13581.623353052735
300887,19,18482.020673162664
300888,0,18382.020673162664
300889,0,18282.01259976172
300890,0,18182.01259976172
300891,42,18082.02567977286
300892,0,17982.02567977286
300893,50,15011.318881807876
300894,2,14911.318881807876
300895,60,14811.318881807876
300896,6,14711.318718686462
300897,78,14611.318718686462
300898,4,14511.318718686462
300899,119,18091.1799773484
300900,0,17991.1799773484
300901,1,14602.182825533087
300902,0,14502.182825533087
300903,5,14402.182825533087
300904,0,14302.182825533087
300905,23,14202.182825533087
300906,24,14102.182825533087
300907,0,14002.182825533087
300908,1,13902.182825533087
300909,0,14807.82305142592
300910,0,14707.82305142592
300911,88,14607.82305142592
300912,1,14507.82305142592
300913,0,18480.705171159127
300914,143,18380.705171159127
300915,0,18280.705171159127
300916,0,18180.705171159127
300917,15,12375.012446277891
300918,27,12275.012446277891
300919,0,12175.012446277891
300920,0,12075.012446277891
300921,15,11975.012446277891
300922,56,14474.67577941117
300923,1,18702.489542255844
300924,0,18602.489542255844
300925,17,18502.489542255844
300926,37,18402.489542255844
300927,121,18302.489542255844
300928,0,18202.489542255844
300929,0,12324.122772556822
300930,0,12224.122772556822
300931,0,12124.127803688953
300932,15,12024.127803688953
300933,29,14137.83873567258
300934,1,14037.83873567258
300935,47,13937.83873567258
300936,0,11849.101724849566
300937,92,11749.101724849566
300938,0,11492.38263222031
300939,75,11392.38263222031
300940,0,11292.38263222031
300941,54,11192.38187358551
300942,47,11092.38187358551
300943,69,10992.38187358551
300944,0,10892.38187358551
300945,0,10792.38187358551
300946,0,10692.382282269686
300947,78,10592.382282269686
300948,129,10492.388153776072
300949,0,10392.388153776072
300950,0,10292.388153776072
300951,0,10192.388153776072
300952,0,10092.388153776072
300953,4,11712.355403322648
300954,1,11612.354716520447
300955,8,11512.354716520447
300956,0,11412.354716520447
300957,111,11312.354716520447
300958,0,11212.354716520447
300959,0,16276.602230121396
300960,70,16176.602230121396
300961,0,16076.602230121396
300962,49,15976.607853680307
300963,0,15876.607853680307
300964,42,15776.60511351111
300965,1,15676.60511351111
300966,0,15576.60511351111
300967,0,19621.819274161448
300968,0,19521.819274161448
300969,41,19421.819274161448
300970,1,19321.81849724215
300971,0,19221.81251141992
300972,0,19121.81251141992
300973,68,19021.81251141992
300974,1,19596.86040836991
300975,28,19496.86040836991
300976,0,19396.86040836991
300977,0,19633.50711067965
300978,119,19533.50150553757
300979,0,19433.50150553757
300980,0,8775.383747302856
300981,0,8675.383747302856
300982,30,8575.387279182836
300983,63,8475.387279182836
300984,0,8375.387279182836
300985,0,8275.387279182836
300986,0,8175.387279182835
300987,0,8075.387149070216
300988,0,7975.387149070216
300989,0,7875.387149070216
300990,0,7775.387149070216
300991,0,7675.387149070216
300992,0,7575.381498579541
300993,0,7475.3841617017915
300994,0,7375.3841617017915
300995,0,7275.385872765342
300996,0,7175.385872765342
300997,3,7075.383898935219
300998,0,6975.383898935219
300999,58,14631.00042611933
301000,24,15050.48646465202
301001,0,14950.48646465202
301002,0,14850.48646465202
301003,5,14750.48646465202
301004,0,14650.48646465202
301005,0,14550.48646465202
301006,16,9409.876505937831
301007,0,10289.744534301999
301008,10,14271.924479612258
301009,0,14171.924479612258
301010,19,14071.924479612258
301011,0,13971.924479612258
301012,3,13871.924479612258
301013,0,13771.924479612258
301014,1,13671.924479612258
301015,22,13571.924479612258
301016,0,13471.924479612258
301017,1,13371.924479612258
301018,0,13271.924479612258
301019,24,13171.924479612258
301020,6,13071.924479612258
301021,1,12971.924479612258
301022,41,12871.924479612258
301023,0,12771.92471290913
301024,0,12671.92471290913
301025,0,12571.92471290913
301026,0,12471.932753972971
301027,0,12371.932753972971
301028,0,20081.388316046025
301029,26,19981.388316046025
301030,0,19881.385712547355
301031,0,19781.385712547355
301032,0,19681.385712547355
301033,119,19581.395744498543
301034,0,19481.38288059612
301035,0,19381.38288059612
301036,0,19281.387167031746
301037,0,19181.387167031746
301038,0,19081.387167031746
301039,11,18981.387167031746
301040,5,18881.387167031746
301041,0,18781.387167031746
301042,0,18681.387105887028
301043,0,18581.39552068427
301044,0,18481.39552068427
301045,1,18381.39552068427
301046,53,18281.39552068427
301047,0,18181.39552068427
301048,0,9035.900481856626
301049,0,8935.900481856626
301050,1,12961.270663765072
301051,2,12861.270663765072
301052,0,8203.462022190402
301053,0,8103.462022190402
301054,0,8003.462022190402
301055,0,7903.462022190402
301056,99,10865.776234071487
301057,0,10765.776234071487
301058,0,10665.776234071487
301059,0,10565.776234071487
301060,55,10465.776234071487
301061,1,10365.776234071487
301062,0,10265.776058833431
301063,0,10165.776058833431
301064,0,10065.769482699416
301065,2,7089.347180769762
301066,0,6989.347180769762
301067,1,7077.61970118541
301068,0,6977.61970118541
301069,0,6877.61970118541
301070,2,6777.61970118541
301071,1,6677.61970118541
301072,1,6577.61970118541
301073,6,6477.61970118541
301074,0,6377.620230219277
301075,1,6277.620230219277
301076,2,6177.620230219277
301077,0,6077.620230219277
301078,0,5977.620097137686
301079,14,5877.622322423099
301080,0,5777.622322423099
301081,0,5677.622322423099
301082,0,5577.621959261412
301083,0,5477.621959261412
301084,0,5377.621959261412
301085,18,5277.621959261412
301086,62,12387.443545432194
301087,41,12287.443545432194
301088,0,12187.443545432194
301089,57,12087.443545432194
301090,25,13563.410165915191
301091,69,13463.419164485813
301092,24,13363.419164485813
301093,25,13263.419164485813
301094,65,13163.419164485813
301095,0,13063.41474813547
301096,0,12963.41474813547
301097,7,12863.41474813547
301098,1,5380.181375189619
301099,0,5280.181375189619
301100,1,5180.181375189619
301101,0,5080.181375189619
301102,8,4980.181375189619
301103,0,4880.181375189619
301104,0,4780.181375189619
301105,0,4680.1778031528
301106,16,4580.1778031528
301107,0,7402.651595985284
301108,0,7002.879897917477
301109,0,6902.879897917477
301110,0,10619.565164098063
301111,1,5105.0706956253325
301112,0,5005.0706956253325
301113,0,4905.069254255523
301114,0,4805.069254255523
301115,0,4705.069254255523
301116,0,4605.069504208865
301117,0,5923.398713439589
301118,0,5823.398713439589
301119,0,5723.399302730703
301120,0,5623.394686118821
301121,0,11431.27237744764
301122,8,11331.2699190079
301123,11,11231.2699190079
301124,43,11131.2699190079
301125,21,11031.2699190079
301126,0,10931.2699190079
301127,26,10831.2699190079
301128,23,10731.2699190079
301129,19,10631.2699190079
301130,0,9496.070182420559
301131,6,9396.070182420559
301132,0,9296.070182420559
301133,62,9196.073313588446
301134,0,9096.073313588446
301135,0,8996.073313588446
301136,0,8896.073313588446
301137,5,8796.068293671853
301138,24,8696.068293671853
301139,0,8596.066172323479
301140,0,8496.066172323479
301141,0,8396.066172323479
301142,0,8296.066172323479
301143,1,8196.066172323479
301144,0,8096.066172323479
301145,0,7211.582011623674
301146,0,7111.582011623674
301147,0,7011.582011623674
301148,0,6911.582332199998
301149,0,8223.626591201271
301150,0,8123.626591201271
301151,0,8023.62947435523
301152,0,8358.419587021512
301153,0,8258.419587021512
301154,0,8158.419587021512
301155,0,8058.419587021512
301156,0,7958.419587021512
301157,0,4890.769288289905
301158,2,4790.769288289905
301159,0,4690.769288289905
301160,0,4590.769288289905
301161,0,4490.769288289905
301162,4,3351.5837387219663
301163,0,3251.5837387219663
301164,0,3151.5774639241818
301165,35,3051.588750356086
301166,0,2951.588750356086
301167,0,2851.5858028124403
301168,0,2751.5858028124403
301169,0,5837.381480724185
301170,24,5737.381480724185
301171,0,5637.381480724185
301172,0,5537.381480724185
301173,0,5437.381480724185
301174,0,5337.381480724185
301175,0,5237.382321932691
301176,0,5137.382321932691
301177,0,5037.382321932691
301178,0,4937.382321932691
301179,0,4837.377652597723
301180,0,4829.140704177354
301181,0,4729.140704177354
301182,0,3733.8185213346537
301183,0,3633.8185213346537
301184,0,3533.8185213346537
301185,0,5475.245495066502
301186,0,5375.245495066502
301187,0,5275.245495066502
301188,0,5175.245495066502
301189,0,5075.245495066502
301190,0,4975.245495066502
301191,0,4875.245495066502
301192,0,4775.245495066502
301193,18,3699.2096312005315
301194,0,3599.2096312005315
301195,0,3963.717205169728
301196,0,3863.717205169728
301197,0,3763.717205169728
301198,0,3663.717205169728
301199,0,3563.717205169728
301200,1,3463.717205169728
301201,0,3025.117585648608
301202,0,2925.117585648608
301203,0,2825.117585648608
301204,0,3517.806433488976
301205,0,3417.806433488976
301206,0,3317.806433488976
301207,2,3217.806433488976
301208,1,3117.806433488976
301209,0,3017.806433488976
301210,0,2917.806433488976
301211,0,2817.806433488976
301212,0,2717.806433488976
301213,0,2617.806433488976
301214,0,2517.806433488976
301215,1,2417.806433488976
301216,1,2317.806433488976
301217,0,2217.806433488976
301218,3,2117.806433488976
301219,0,1519.8305813058405
301220,0,1419.8305813058405
301221,0,1319.8305813058405
301222,0,1219.8305813058405
301223,0,1119.8305813058405
301224,18,1296.5975791453325
301225,0,1196.5975791453325
301226,0,1096.5975791453325
301227,0,996.5975791453325
401228,0,18835.459310259637
401229,0,18735.459310259637
401230,0,18635.459310259637
401231,25,18535.45403862925
401232,0,18435.45829792644
401233,24,18335.457820002903
401234,0,18235.457820002903
401235,17,18135.466628665043
401236,1,18035.466628665043
401237,1,17935.466628665043
401238,3,17835.466628665043
401239,24,17735.453667687354
401240,0,17635.46596240159
401241,0,17535.46596240159
401242,25,17435.46596240159
401243,0,17335.46596240159
401244,0,17235.46596240159
401245,142,18022.177964594943
401246,0,17922.176005478515
401247,0,17822.176005478515
401248,0,17722.176005478515
401249,0,17622.1808143026
401250,0,17522.1808143026
401251,0,17422.17810105257
401252,0,17322.17810105257
401253,29,17222.17810105257
401254,0,17939.091646915505
401255,0,17839.091646915505
401256,0,17739.091646915505
401257,0,18149.061381592466
401258,0,18049.062464563023
401259,0,17949.062464563023
401260,0,17849.062464563023
401261,0,17749.062464563023
401262,0,14432.705853247162
401263,7,14332.705853247162
401264,0,14232.705853247162
401265,4,14132.705853247162
401266,61,14032.702738855249
401267,0,13932.705362020675
401268,55,13832.705362020675
401269,0,13732.705362020675
401270,0,13632.705362020675
401271,0,13532.705362020675
401272,0,13432.705362020675
401273,0,13332.705362020675
401274,65,13232.705362020675
401275,0,14423.811456096912
401276,0,14323.811456096912
401277,2,14223.811456096912
401278,1,14123.811456096912
401279,21,14023.811456096912
401280,0,13923.811456096912
401281,105,13831.211786582784
401282,0,13731.211786582784
401283,3,13631.211786582784
401284,0,13531.211786582784
401285,4,13431.217540095793
401286,30,13331.217540095793
401287,60,13231.217540095793
401288,0,13131.206401768279
401289,7,13031.206401768279
401290,106,12931.206401768279
401291,0,12831.207924478791
401292,0,12731.207924478791
401293,0,12631.207924478791
401294,0,12531.207924478791
401295,106,12431.207924478791
401296,107,12331.207924478791
401297,105,12231.207924478791
401298,0,12131.207924478791
401299,0,12031.207924478791
401300,0,11928.994549980805
401301,37,11828.994549980805
401302,0,11728.994549980805
401303,127,11628.992256307496
401304,0,11528.992256307496
401305,0,11428.990444247647
401306,0,11328.990444247647
401307,0,11228.990444247647
401308,0,11128.999904869666
401309,0,11028.999904869666
401310,0,10928.999904869666
401311,28,10828.999904869666
401312,0,10728.999904869666
401313,0,10628.999904869666
401314,12,10528.997574585324
401315,0,10428.997574585324
401316,0,10328.997574585324
401317,0,10228.997574585324
401318,127,10128.997447702404
401319,0,10028.993315629385
401320,0,9928.995728752476
401321,127,9828.995728752476
401322,0,9728.995728752476
401323,0,9628.996071847389
401324,0,9528.996071847389
401325,127,9428.996071847389
401326,0,9328.996071847389
401327,0,9228.997218837194
401328,0,9128.997218837194
401329,10,9028.997218837194
401330,117,8928.997218837194
401331,10,8828.997218837194
401332,117,8728.997218837194
401333,0,8628.997218837194
401334,10,8528.997218837194
401335,0,8428.995644179988
401336,0,19371.16609982088
401337,0,19271.16609982088
401338,0,19171.16609982088
401339,0,19071.16609982088
401340,0,18971.16609982088
401341,21,18871.169494924085
401342,0,18771.169494924085
401343,0,18671.169494924085
401344,0,18571.169494924085
401345,0,18471.17353083507
401346,0,18371.17353083507
401347,0,18271.17353083507
401348,143,18171.17353083507
401349,0,18071.16053708752
401350,0,17971.16053708752
401351,0,17871.164088578276
401352,127,17771.165586082247
401353,0,17671.16340780865
401354,0,17571.16340780865
401355,0,17471.16340780865
401356,0,17371.16340780865
401357,138,17271.16340780865
401358,0,14517.210709715864
401359,2,14417.210709715864
401360,1,14317.210709715864
401361,1,14217.210709715864
401362,0,14117.210709715864
401363,0,14017.210709715864
401364,0,13917.210709715864
401365,1,13817.205434660249
401366,9,13717.205434660249
401367,8,13617.205434660249
401368,0,13517.205434660249
401369,0,13417.205434660249
401370,61,13317.205434660249
401371,0,13217.207862755324
401372,63,13117.207862755324
401373,0,13017.206901999472
401374,39,12917.206901999472
401375,66,12817.208444381722
401376,63,12717.208444381722
401377,0,12617.208444381722
401378,61,12517.208444381722
401379,0,12417.208444381722
401380,1,12317.208980931244
401381,0,12217.208980931244
401382,0,12117.208980931244
401383,0,12017.206918009122
401384,57,11917.206918009122
401385,0,11817.206918009122
401386,0,11717.206918009122
401387,0,11617.206918009122
401388,0,11517.206918009122
401389,0,11417.206918009122
401390,0,11317.206918009122
401391,0,11217.206918009122
401392,0,11117.206918009122
401393,0,12764.134300301068
401394,0,12664.134300301068
401395,0,12564.134300301068
401396,0,12464.134300301068
401397,0,12364.134300301068
401398,0,12264.137449625876
401399,0,12164.137449625876
401400,2,12064.137449625876
401401,0,11964.134422795603
401402,0,11864.132855577083
401403,0,11764.132855577083
401404,27,11664.132855577083
401405,2,11564.132855577083
401406,1,11464.132855577083
401407,12,11364.132855577083
401408,0,11264.134753498223
401409,52,11164.134753498223
401410,0,11064.134753498223
401411,0,10964.134753498223
401412,0,6884.925164874188
401413,0,6784.925164874188
401414,0,6684.925164874188
401415,0,6584.925164874188
401416,0,6484.928112497049
401417,0,6384.928112497049
401418,0,10529.357812696582
401419,0,10429.360410545942
401420,0,10329.360410545942
401421,0,10229.360410545942
401422,0,10129.360410545942
401423,0,10029.360410545942
401424,0,9929.360410545942
401425,0,9829.360410545942
401426,0,9729.360410545942
401427,0,9629.360410545942
401428,0,9529.360410545942
401429,0,9429.360410545942
401430,0,9329.3509399245
401431,0,6795.037691908676
401432,0,6695.037691908676
401433,0,6595.037691908676
401434,0,6495.037691908676
401435,0,6395.037691908676
401436,0,6295.037691908676
401437,0,6195.037691908676
401438,0,6095.037691908676
401439,0,7908.877391114758
401440,0,7808.877391114758
401441,0,7708.877391114758
401442,0,7608.877391114758
401443,0,7508.877391114758
401444,0,7408.877391114758
401445,0,7308.869815066764
401446,0,7208.869815066764
401447,0,4507.8372289588515
401448,0,4407.8372289588515
401449,0,4307.8372289588515
401450,0,4207.8372289588515
401451,0,4107.8372289588515
401452,0,4007.8372289588515
401453,0,3907.8372289588515
401454,0,3807.8372289588515
401455,0,3707.8372289588515
401456,0,3607.8372289588515
401457,0,3507.8372289588515
401458,0,3407.8372289588515
401459,0,3307.839902879199
401460,0,3207.839902879199
401461,0,3107.839902879199
401462,0,3007.839902879199
401463,0,2907.839902879199
401464,0,2807.839902879199
401465,0,2707.839902879199
401466,0,2607.8359311866548
401467,0,2507.8359311866548
401468,0,2407.8359311866548
401469,0,2307.8340766632955
401470,0,2207.8340766632955
401471,0,2107.8340766632955
401472,1,2007.8340766632953
401473,0,1907.8286560654328
401474,0,1807.8286560654328
401475,0,1707.8286560654328
401476,0,1607.8286560654328
401477,0,1507.8330811510875
401478,0,1407.8330811510875
401479,0,1307.8330811510875
401480,0,1207.8346841777106
401481,0,1107.8340180259083
401482,0,1007.8342430721908
401483,1,907.8342430721908
401484,0,807.8342430721908
401485,0,707.8342430721908
401486,0,607.8342430721908
401487,0,507.8342430721908
401488,0,407.8342430721908
401489,0,4746.517992243667
401490,0,3504.049156904883
401491,0,3404.049156904883
401492,0,3304.049156904883
501493,77,17182.48325861605
501494,0,17082.48325861605
501495,0,16982.48325861605
501496,0,16882.48325861605
501497,88,16782.48325861605
501498,0,16682.48325861605
501499,0,16582.48325861605
501500,23,17713.002390210168
501501,0,17613.002390210168
501502,0,17513.002390210168
501503,4,17413.002390210168
501504,66,17313.002390210168
501505,0,17213.002390210168
501506,0,17113.001496355293
501507,0,17013.001496355293
501508,0,16913.001496355293
501509,0,16813.001496355293
501510,79,16713.001496355293
501511,0,16613.001496355293
501512,0,16513.001496355293
601513,0,16487.164532065362
601514,0,16387.164532065362
601515,0,16287.164532065362
601516,0,16187.164532065362
601517,0,16087.164532065362
601518,0,15987.164532065362
601519,0,15887.164532065362
601520,0,15787.164532065362
601521,0,15687.164532065362
601522,0,15587.164532065362
601523,0,15487.164532065362
601524,0,15387.164532065362
601525,0,15287.164532065362
601526,0,15187.164532065362
601527,0,15087.164532065362
601528,0,14987.164532065362
601529,0,14887.164532065362
601530,0,14787.164532065362
601531,0,14687.164532065362
601532,0,14587.164532065362
601533,0,14487.164532065362
601534,0,14387.164532065362
601535,0,14287.164532065362
601536,0,14187.164532065362
601537,0,14087.164532065362
601538,0,13987.164532065362
601539,0,13887.16705817128
601540,0,13787.16705817128
601541,0,13687.16705817128
601542,0,13587.16705817128
601543,0,13487.16705817128
601544,0,13387.16705817128
601545,0,13287.16705817128
601546,0,13187.156400339063
601547,0,13087.156400339063
601548,0,12987.156400339063
601549,0,12887.156400339063
601550,0,12787.156400339063
601551,0,12687.156400339063
601552,0,12587.156400339063
601553,0,12487.156400339063
601554,0,12387.156400339063
601555,0,12287.156400339063
601556,0,12187.156400339063
601557,0,12087.156400339063
601558,0,11987.17002107937
601559,0,11887.17002107937
601560,0,11787.17002107937
601561,0,11687.17002107937
601562,0,11587.17002107937
601563,0,11487.17002107937
601564,0,11387.17002107937
601565,0,11287.17002107937
601566,0,11187.17002107937
601567,0,11087.16864319061
601568,0,10987.16864319061
601569,0,10887.16864319061
601570,0,10787.167455708715
601571,0,10687.167455708715
601572,0,10587.167455708715
601573,0,10487.167455708715
601574,0,10387.167455708715
601575,0,10287.167455708714
601576,0,10187.167455708714
601577,0,10087.167455708714
601578,0,9987.167455708714
601579,0,9887.167455708714
601580,0,9787.167455708714
601581,0,9687.167455708714
601582,0,9587.167455708714
601583,0,9487.167455708714
601584,0,9387.167455708714
601585,0,9287.165133959867
601586,0,9187.165133959867
601587,0,9087.165133959867
601588,0,8987.165133959867
601589,0,8887.165133959867
601590,0,8787.165133959867
601591,0,8687.165133959867
601592,0,8587.165133959867
601593,0,8487.165133959867
601594,0,8387.16856167779
601595,0,8287.16856167779
601596,0,8187.16856167779
601597,0,8087.16856167779
601598,0,7987.16856167779
601599,0,7887.16856167779
601600,0,7787.16856167779
601601,0,7687.16856167779
601602,0,7587.16856167779
601603,0,7487.16856167779
601604,0,7387.16856167779
601605,0,7287.16856167779
601606,0,7187.16856167779
601607,0,7087.163650417851
601608,0,6987.163650417851
601609,0,6887.163650417851
601610,0,6787.163650417851
601611,0,6687.163650417851
601612,0,6587.163650417851
601613,0,6487.163650417851
601614,0,6387.163650417851
601615,0,6287.164911138274
601616,0,6187.164911138274
601617,0,6087.164911138274
601618,0,5987.158961260608
601619,0,5887.158961260608
601620,0,5787.158961260608
601621,0,5687.158961260608
601622,0,5587.158961260608
601623,0,5487.158961260608
601624,0,5387.158961260608
601625,0,5287.158961260608
601626,0,5187.158961260608
601627,0,5087.158961260608
601628,0,4987.158961260608
601629,0,4887.158961260608
601630,0,4787.158961260608
601631,0,4687.169568830789
601632,0,4587.169568830789
601633,0,4487.169568830789
601634,0,4387.169568830789
601635,0,4287.169568830789
601636,0,4187.16956883079
601637,0,4087.1695688307896
601638,0,3987.1695688307896
601639,0,3887.1695688307896
601640,0,3787.1695688307896
601641,0,3687.1695688307896
601642,0,3587.1695688307896
601643,0,3487.1695688307896
601644,0,3387.1695688307896
601645,0,3287.1695688307896
601646,0,3187.1657468865324
601647,0,3087.1657468865324
601648,0,2987.1657468865324
601649,0,2887.1657468865324
601650,0,2787.1657468865324
601651,0,2687.1657468865324
601652,0,2587.1657468865324
601653,0,2487.1657468865324
601654,0,2387.1657468865324
601655,0,2287.1657468865324
601656,0,2187.1657468865324
601657,0,2087.1657468865324
601658,0,1987.1657468865324
601659,0,1887.1657468865324
601660,0,1787.1657468865324
601661,0,1687.1657468865324
601662,0,1587.1657468865324
601663,0,1487.1657468865324
601664,0,1387.1657468865324
601665,0,1287.1657468865324
601666,0,1187.1657468865324
601667,0,1087.1657468865324
601668,0,987.1657468865324
601669,0,887.1657468865324
601670,0,787.1657468865324
601671,0,687.1657468865324
601672,0,587.1657468865324
601673,0,487.16574688653236
601674,0,387.15818136177035
601675,0,287.15818136177035
601676,0,187.15818136177035
601677,0,87.15818136177035
