damID,mid_2080_01feb_gen100,mid_2080_01feb_%,mid_5050_01feb_gen100,mid_5050_01feb_%,mid_8020_01feb_gen100,mid_8020_01feb_%,mid_2080SP_01feb_gen100,mid_2080SP_01feb_%,mid_5050SP_01feb_gen100,mid_5050SP_01feb_%,mid_8020SP_01feb_gen100,mid_8020SP_01feb_%
200054,2,0.423728813559322,25,5.296610169491525,0,0.0,1,0.211864406779661,0,0.0,2,0.423728813559322
200055,4,0.847457627118644,1,0.211864406779661,100,21.1864406779661,173,36.652542372881356,8,1.694915254237288,1,0.211864406779661
200056,1,0.211864406779661,0,0.0,0,0.0,0,0.0,47,9.957627118644067,0,0.0
200057,160,33.898305084745765,149,31.56779661016949,47,9.957627118644067,168,35.59322033898305,153,32.41525423728814,0,0.0
200061,55,11.652542372881356,20,4.237288135593221,76,16.10169491525424,103,21.822033898305083,4,0.847457627118644,21,4.4491525423728815
200062,17,3.6016949152542375,1,0.211864406779661,0,0.0,57,12.076271186440678,86,18.220338983050848,105,22.24576271186441
200063,49,10.38135593220339,2,0.423728813559322,0,0.0,183,38.771186440677965,44,9.322033898305085,0,0.0
200064,1,0.211864406779661,0,0.0,0,0.0,0,0.0,7,1.4830508474576272,1,0.211864406779661
200065,0,0.0,1,0.211864406779661,1,0.211864406779661,51,10.805084745762711,63,13.347457627118644,2,0.423728813559322
200066,159,33.686440677966104,15,3.1779661016949152,0,0.0,103,21.822033898305083,4,0.847457627118644,1,0.211864406779661
200070,99,20.97457627118644,59,12.5,0,0.0,6,1.271186440677966,0,0.0,2,0.423728813559322
200071,0,0.0,0,0.0,0,0.0,2,0.423728813559322,3,0.635593220338983,3,0.635593220338983
200072,1,0.211864406779661,0,0.0,0,0.0,156,33.05084745762712,1,0.211864406779661,3,0.635593220338983
200073,19,4.02542372881356,58,12.288135593220339,18,3.8135593220338984,2,0.423728813559322,62,13.135593220338983,89,18.85593220338983
200082,0,0.0,0,0.0,0,0.0,2,0.423728813559322,4,0.847457627118644,90,19.06779661016949
200083,0,0.0,0,0.0,1,0.211864406779661,3,0.635593220338983,7,1.4830508474576272,2,0.423728813559322
200092,7,1.4830508474576272,0,0.0,0,0.0,4,0.847457627118644,3,0.635593220338983,3,0.635593220338983
200095,1,0.211864406779661,66,13.983050847457626,0,0.0,3,0.635593220338983,3,0.635593220338983,1,0.211864406779661
200096,1,0.211864406779661,1,0.211864406779661,0,0.0,17,3.6016949152542375,30,6.3559322033898304,0,0.0
200100,0,0.0,0,0.0,0,0.0,3,0.635593220338983,5,1.0593220338983051,1,0.211864406779661
200101,101,21.39830508474576,0,0.0,0,0.0,24,5.084745762711864,5,1.0593220338983051,27,5.720338983050848
200109,75,15.889830508474576,0,0.0,0,0.0,123,26.059322033898304,20,4.237288135593221,16,3.389830508474576
200113,0,0.0,9,1.9067796610169492,0,0.0,28,5.932203389830509,1,0.211864406779661,0,0.0
200114,1,0.211864406779661,0,0.0,0,0.0,90,19.06779661016949,2,0.423728813559322,17,3.6016949152542375
200126,0,0.0,0,0.0,2,0.423728813559322,2,0.423728813559322,1,0.211864406779661,1,0.211864406779661
200127,0,0.0,94,19.915254237288135,1,0.211864406779661,17,3.6016949152542375,9,1.9067796610169492,1,0.211864406779661
200128,2,0.423728813559322,0,0.0,2,0.423728813559322,4,0.847457627118644,61,12.923728813559322,3,0.635593220338983
200129,0,0.0,0,0.0,1,0.211864406779661,5,1.0593220338983051,49,10.38135593220339,1,0.211864406779661
200130,0,0.0,47,9.957627118644067,33,6.991525423728813,161,34.110169491525426,63,13.347457627118644,1,0.211864406779661
200131,10,2.1186440677966103,0,0.0,0,0.0,4,0.847457627118644,2,0.423728813559322,0,0.0
200132,0,0.0,0,0.0,0,0.0,2,0.423728813559322,1,0.211864406779661,1,0.211864406779661
200133,0,0.0,0,0.0,0,0.0,5,1.0593220338983051,59,12.5,1,0.211864406779661
200134,5,1.0593220338983051,0,0.0,0,0.0,4,0.847457627118644,2,0.423728813559322,1,0.211864406779661
200135,0,0.0,0,0.0,0,0.0,9,1.9067796610169492,1,0.211864406779661,1,0.211864406779661
200136,0,0.0,0,0.0,0,0.0,14,2.9661016949152543,48,10.169491525423728,0,0.0
200137,120,25.423728813559322,175,37.07627118644068,32,6.779661016949152,9,1.9067796610169492,1,0.211864406779661,23,4.872881355932203
200138,42,8.898305084745763,11,2.330508474576271,0,0.0,20,4.237288135593221,49,10.38135593220339,9,1.9067796610169492
200139,6,1.271186440677966,27,5.720338983050848,0,0.0,4,0.847457627118644,2,0.423728813559322,3,0.635593220338983
200140,0,0.0,113,23.940677966101696,103,21.822033898305083,153,32.41525423728814,56,11.864406779661017,3,0.635593220338983
200141,0,0.0,0,0.0,0,0.0,3,0.635593220338983,2,0.423728813559322,3,0.635593220338983
200142,127,26.906779661016948,0,0.0,0,0.0,7,1.4830508474576272,59,12.5,56,11.864406779661017
200143,1,0.211864406779661,0,0.0,0,0.0,19,4.02542372881356,49,10.38135593220339,3,0.635593220338983
200144,46,9.745762711864407,113,23.940677966101696,104,22.033898305084747,257,54.44915254237288,160,33.898305084745765,114,24.152542372881356
200145,0,0.0,4,0.847457627118644,0,0.0,19,4.02542372881356,1,0.211864406779661,0,0.0
200147,35,7.415254237288136,32,6.779661016949152,1,0.211864406779661,80,16.949152542372882,1,0.211864406779661,0,0.0
200148,4,0.847457627118644,4,0.847457627118644,0,0.0,8,1.694915254237288,5,1.0593220338983051,0,0.0
200149,1,0.211864406779661,0,0.0,0,0.0,0,0.0,2,0.423728813559322,89,18.85593220338983
200150,99,20.97457627118644,0,0.0,0,0.0,81,17.161016949152543,2,0.423728813559322,11,2.330508474576271
200151,1,0.211864406779661,88,18.64406779661017,2,0.423728813559322,27,5.720338983050848,2,0.423728813559322,0,0.0
200152,0,0.0,1,0.211864406779661,0,0.0,239,50.63559322033898,131,27.75423728813559,3,0.635593220338983
200153,1,0.211864406779661,0,0.0,0,0.0,2,0.423728813559322,58,12.288135593220339,3,0.635593220338983
200154,25,5.296610169491525,50,10.59322033898305,121,25.635593220338983,173,36.652542372881356,82,17.372881355932204,14,2.9661016949152543
200155,6,1.271186440677966,2,0.423728813559322,3,0.635593220338983,50,10.59322033898305,136,28.8135593220339,0,0.0
200156,0,0.0,88,18.64406779661017,0,0.0,42,8.898305084745763,3,0.635593220338983,3,0.635593220338983
200157,15,3.1779661016949152,2,0.423728813559322,39,8.26271186440678,130,27.54237288135593,16,3.389830508474576,0,0.0
200158,48,10.169491525423728,92,19.491525423728813,1,0.211864406779661,105,22.24576271186441,6,1.271186440677966,154,32.6271186440678
200159,0,0.0,0,0.0,0,0.0,12,2.542372881355932,3,0.635593220338983,60,12.711864406779661
200160,0,0.0,1,0.211864406779661,0,0.0,20,4.237288135593221,25,5.296610169491525,2,0.423728813559322
200161,126,26.694915254237287,88,18.64406779661017,4,0.847457627118644,12,2.542372881355932,20,4.237288135593221,2,0.423728813559322
200162,127,26.906779661016948,34,7.203389830508475,1,0.211864406779661,14,2.9661016949152543,61,12.923728813559322,2,0.423728813559322
200163,29,6.1440677966101696,3,0.635593220338983,0,0.0,3,0.635593220338983,7,1.4830508474576272,5,1.0593220338983051
200164,0,0.0,18,3.8135593220338984,0,0.0,3,0.635593220338983,3,0.635593220338983,95,20.127118644067796
200166,0,0.0,0,0.0,0,0.0,2,0.423728813559322,5,1.0593220338983051,1,0.211864406779661
200167,5,1.0593220338983051,0,0.0,1,0.211864406779661,2,0.423728813559322,1,0.211864406779661,1,0.211864406779661
200168,0,0.0,0,0.0,93,19.703389830508474,161,34.110169491525426,72,15.254237288135593,1,0.211864406779661
200169,0,0.0,25,5.296610169491525,0,0.0,75,15.889830508474576,2,0.423728813559322,4,0.847457627118644
200176,15,3.1779661016949152,1,0.211864406779661,2,0.423728813559322,2,0.423728813559322,13,2.7542372881355934,83,17.584745762711865
200177,121,25.635593220338983,0,0.0,0,0.0,1,0.211864406779661,2,0.423728813559322,0,0.0
200178,13,2.7542372881355934,36,7.627118644067797,1,0.211864406779661,25,5.296610169491525,77,16.3135593220339,81,17.161016949152543
200179,36,7.627118644067797,29,6.1440677966101696,0,0.0,97,20.550847457627118,126,26.694915254237287,83,17.584745762711865
200183,21,4.4491525423728815,3,0.635593220338983,5,1.0593220338983051,45,9.533898305084746,22,4.661016949152542,139,29.449152542372882
200184,2,0.423728813559322,84,17.796610169491526,32,6.779661016949152,139,29.449152542372882,67,14.194915254237289,10,2.1186440677966103
200185,19,4.02542372881356,117,24.78813559322034,0,0.0,17,3.6016949152542375,78,16.52542372881356,5,1.0593220338983051
200187,0,0.0,0,0.0,0,0.0,0,0.0,1,0.211864406779661,2,0.423728813559322
200188,1,0.211864406779661,12,2.542372881355932,0,0.0,1,0.211864406779661,55,11.652542372881356,2,0.423728813559322
200189,124,26.271186440677965,84,17.796610169491526,0,0.0,2,0.423728813559322,67,14.194915254237289,6,1.271186440677966
200190,27,5.720338983050848,1,0.211864406779661,0,0.0,5,1.0593220338983051,1,0.211864406779661,3,0.635593220338983
200192,7,1.4830508474576272,80,16.949152542372882,0,0.0,4,0.847457627118644,1,0.211864406779661,1,0.211864406779661
200193,126,26.694915254237287,0,0.0,0,0.0,2,0.423728813559322,52,11.016949152542374,1,0.211864406779661
200194,0,0.0,0,0.0,0,0.0,0,0.0,24,5.084745762711864,1,0.211864406779661
200204,0,0.0,1,0.211864406779661,56,11.864406779661017,78,16.52542372881356,37,7.838983050847458,2,0.423728813559322
200205,1,0.211864406779661,9,1.9067796610169492,57,12.076271186440678,71,15.042372881355933,36,7.627118644067797,11,2.330508474576271
200206,5,1.0593220338983051,0,0.0,56,11.864406779661017,88,18.64406779661017,38,8.05084745762712,136,28.8135593220339
200207,0,0.0,0,0.0,0,0.0,72,15.254237288135593,38,8.05084745762712,2,0.423728813559322
200208,131,27.75423728813559,38,8.05084745762712,60,12.711864406779661,122,25.847457627118644,36,7.627118644067797,2,0.423728813559322
200209,0,0.0,82,17.372881355932204,0,0.0,73,15.466101694915254,40,8.474576271186441,222,47.03389830508475
200210,377,79.87288135593221,366,77.54237288135593,446,94.49152542372882,285,60.38135593220339,367,77.7542372881356,226,47.88135593220339
200211,130,27.54237288135593,0,0.0,2,0.423728813559322,7,1.4830508474576272,12,2.542372881355932,6,1.271186440677966
200212,0,0.0,4,0.847457627118644,0,0.0,9,1.9067796610169492,0,0.0,0,0.0
200213,0,0.0,6,1.271186440677966,0,0.0,14,2.9661016949152543,9,1.9067796610169492,3,0.635593220338983
200214,11,2.330508474576271,0,0.0,0,0.0,28,5.932203389830509,2,0.423728813559322,3,0.635593220338983
200215,0,0.0,0,0.0,2,0.423728813559322,17,3.6016949152542375,12,2.542372881355932,4,0.847457627118644
200216,30,6.3559322033898304,0,0.0,0,0.0,16,3.389830508474576,55,11.652542372881356,2,0.423728813559322
200217,2,0.423728813559322,0,0.0,0,0.0,20,4.237288135593221,17,3.6016949152542375,2,0.423728813559322
200223,4,0.847457627118644,0,0.0,54,11.440677966101696,24,5.084745762711864,33,6.991525423728813,14,2.9661016949152543
200224,29,6.1440677966101696,93,19.703389830508474,11,2.330508474576271,42,8.898305084745763,115,24.364406779661017,19,4.02542372881356
200225,94,19.915254237288135,146,30.93220338983051,23,4.872881355932203,24,5.084745762711864,48,10.169491525423728,8,1.694915254237288
200232,60,12.711864406779661,0,0.0,0,0.0,33,6.991525423728813,26,5.508474576271187,51,10.805084745762711
200233,120,25.423728813559322,0,0.0,0,0.0,10,2.1186440677966103,12,2.542372881355932,61,12.923728813559322
200235,4,0.847457627118644,0,0.0,1,0.211864406779661,2,0.423728813559322,52,11.016949152542374,3,0.635593220338983
200236,7,1.4830508474576272,46,9.745762711864407,0,0.0,2,0.423728813559322,35,7.415254237288136,3,0.635593220338983
200237,0,0.0,1,0.211864406779661,1,0.211864406779661,14,2.9661016949152543,37,7.838983050847458,3,0.635593220338983
200238,49,10.38135593220339,130,27.54237288135593,99,20.97457627118644,84,17.796610169491526,59,12.5,72,15.254237288135593
200239,147,31.14406779661017,94,19.915254237288135,392,83.05084745762711,174,36.86440677966102,343,72.66949152542372,355,75.21186440677967
200243,0,0.0,0,0.0,0,0.0,6,1.271186440677966,14,2.9661016949152543,3,0.635593220338983
200244,0,0.0,0,0.0,1,0.211864406779661,3,0.635593220338983,13,2.7542372881355934,3,0.635593220338983
200245,0,0.0,1,0.211864406779661,0,0.0,5,1.0593220338983051,14,2.9661016949152543,3,0.635593220338983
200246,170,36.016949152542374,3,0.635593220338983,1,0.211864406779661,4,0.847457627118644,32,6.779661016949152,6,1.271186440677966
200249,135,28.60169491525424,3,0.635593220338983,14,2.9661016949152543,218,46.186440677966104,88,18.64406779661017,11,2.330508474576271
200250,133,28.177966101694917,94,19.915254237288135,0,0.0,0,0.0,4,0.847457627118644,1,0.211864406779661
200251,4,0.847457627118644,29,6.1440677966101696,0,0.0,2,0.423728813559322,27,5.720338983050848,1,0.211864406779661
200253,333,70.55084745762711,89,18.85593220338983,22,4.661016949152542,65,13.771186440677965,3,0.635593220338983,1,0.211864406779661
200254,2,0.423728813559322,143,30.296610169491526,38,8.05084745762712,63,13.347457627118644,249,52.75423728813559,303,64.19491525423729
200256,7,1.4830508474576272,121,25.635593220338983,0,0.0,6,1.271186440677966,42,8.898305084745763,8,1.694915254237288
200260,0,0.0,1,0.211864406779661,0,0.0,83,17.584745762711865,11,2.330508474576271,134,28.389830508474578
200267,1,0.211864406779661,2,0.423728813559322,102,21.610169491525422,145,30.720338983050848,10,2.1186440677966103,2,0.423728813559322
200268,0,0.0,0,0.0,0,0.0,2,0.423728813559322,17,3.6016949152542375,1,0.211864406779661
200272,1,0.211864406779661,4,0.847457627118644,100,21.1864406779661,173,36.652542372881356,33,6.991525423728813,198,41.94915254237288
200274,0,0.0,0,0.0,1,0.211864406779661,1,0.211864406779661,3,0.635593220338983,3,0.635593220338983
200275,0,0.0,0,0.0,0,0.0,1,0.211864406779661,4,0.847457627118644,0,0.0
200276,65,13.771186440677965,62,13.135593220338983,0,0.0,163,34.53389830508475,104,22.033898305084747,67,14.194915254237289
200277,269,56.99152542372882,406,86.01694915254237,256,54.23728813559322,448,94.91525423728814,334,70.76271186440678,434,91.94915254237289
200278,3,0.635593220338983,0,0.0,2,0.423728813559322,5,1.0593220338983051,2,0.423728813559322,3,0.635593220338983
200279,64,13.559322033898304,0,0.0,0,0.0,1,0.211864406779661,2,0.423728813559322,2,0.423728813559322
200280,1,0.211864406779661,1,0.211864406779661,8,1.694915254237288,9,1.9067796610169492,8,1.694915254237288,100,21.1864406779661
200281,0,0.0,16,3.389830508474576,1,0.211864406779661,1,0.211864406779661,6,1.271186440677966,2,0.423728813559322
200287,133,28.177966101694917,0,0.0,0,0.0,0,0.0,16,3.389830508474576,92,19.491525423728813
200295,1,0.211864406779661,0,0.0,0,0.0,51,10.805084745762711,3,0.635593220338983,1,0.211864406779661
200296,1,0.211864406779661,0,0.0,0,0.0,117,24.78813559322034,57,12.076271186440678,0,0.0
200297,0,0.0,3,0.635593220338983,0,0.0,85,18.008474576271187,57,12.076271186440678,0,0.0
200298,2,0.423728813559322,11,2.330508474576271,0,0.0,65,13.771186440677965,3,0.635593220338983,0,0.0
200299,11,2.330508474576271,50,10.59322033898305,0,0.0,36,7.627118644067797,0,0.0,0,0.0
200300,144,30.508474576271187,0,0.0,0,0.0,89,18.85593220338983,254,53.813559322033896,174,36.86440677966102
200301,220,46.610169491525426,317,67.16101694915254,309,65.46610169491525,210,44.49152542372882,90,19.06779661016949,191,40.46610169491525
200302,1,0.211864406779661,0,0.0,0,0.0,84,17.796610169491526,51,10.805084745762711,193,40.889830508474574
200309,5,1.0593220338983051,1,0.211864406779661,41,8.686440677966102,56,11.864406779661017,78,16.52542372881356,2,0.423728813559322
200310,0,0.0,1,0.211864406779661,0,0.0,6,1.271186440677966,64,13.559322033898304,102,21.610169491525422
200313,0,0.0,63,13.347457627118644,0,0.0,2,0.423728813559322,5,1.0593220338983051,1,0.211864406779661
200315,4,0.847457627118644,0,0.0,8,1.694915254237288,52,11.016949152542374,2,0.423728813559322,33,6.991525423728813
200316,11,2.330508474576271,0,0.0,0,0.0,23,4.872881355932203,3,0.635593220338983,31,6.567796610169491
200317,0,0.0,10,2.1186440677966103,0,0.0,41,8.686440677966102,4,0.847457627118644,114,24.152542372881356
200318,2,0.423728813559322,1,0.211864406779661,0,0.0,1,0.211864406779661,1,0.211864406779661,2,0.423728813559322
200319,191,40.46610169491525,9,1.9067796610169492,0,0.0,46,9.745762711864407,122,25.847457627118644,5,1.0593220338983051
200324,2,0.423728813559322,61,12.923728813559322,0,0.0,3,0.635593220338983,3,0.635593220338983,0,0.0
200325,74,15.677966101694915,0,0.0,82,17.372881355932204,146,30.93220338983051,54,11.440677966101696,0,0.0
200326,85,18.008474576271187,0,0.0,0,0.0,1,0.211864406779661,0,0.0,0,0.0
200327,0,0.0,87,18.43220338983051,82,17.372881355932204,152,32.20338983050848,177,37.5,57,12.076271186440678
200336,2,0.423728813559322,1,0.211864406779661,0,0.0,2,0.423728813559322,5,1.0593220338983051,2,0.423728813559322
200337,1,0.211864406779661,4,0.847457627118644,0,0.0,1,0.211864406779661,4,0.847457627118644,2,0.423728813559322
200338,6,1.271186440677966,120,25.423728813559322,0,0.0,3,0.635593220338983,1,0.211864406779661,3,0.635593220338983
200342,90,19.06779661016949,1,0.211864406779661,64,13.559322033898304,10,2.1186440677966103,41,8.686440677966102,19,4.02542372881356
200346,126,26.694915254237287,0,0.0,1,0.211864406779661,30,6.3559322033898304,67,14.194915254237289,91,19.279661016949152
200347,0,0.0,1,0.211864406779661,1,0.211864406779661,46,9.745762711864407,77,16.3135593220339,17,3.6016949152542375
200348,3,0.635593220338983,0,0.0,1,0.211864406779661,56,11.864406779661017,1,0.211864406779661,17,3.6016949152542375
200349,0,0.0,0,0.0,0,0.0,32,6.779661016949152,87,18.43220338983051,18,3.8135593220338984
200350,0,0.0,103,21.822033898305083,0,0.0,30,6.3559322033898304,83,17.584745762711865,17,3.6016949152542375
200351,164,34.74576271186441,101,21.39830508474576,169,35.80508474576271,160,33.898305084745765,83,17.584745762711865,91,19.279661016949152
200352,180,38.13559322033898,65,13.771186440677965,169,35.80508474576271,193,40.889830508474574,84,17.796610169491526,91,19.279661016949152
200353,1,0.211864406779661,0,0.0,0,0.0,154,32.6271186440678,2,0.423728813559322,18,3.8135593220338984
200355,43,9.110169491525424,1,0.211864406779661,43,9.110169491525424,89,18.85593220338983,60,12.711864406779661,1,0.211864406779661
200356,121,25.635593220338983,0,0.0,0,0.0,2,0.423728813559322,8,1.694915254237288,47,9.957627118644067
200357,0,0.0,2,0.423728813559322,0,0.0,4,0.847457627118644,10,2.1186440677966103,1,0.211864406779661
200370,1,0.211864406779661,0,0.0,0,0.0,11,2.330508474576271,13,2.7542372881355934,3,0.635593220338983
200371,156,33.05084745762712,0,0.0,0,0.0,10,2.1186440677966103,14,2.9661016949152543,24,5.084745762711864
200372,47,9.957627118644067,4,0.847457627118644,54,11.440677966101696,14,2.9661016949152543,13,2.7542372881355934,3,0.635593220338983
200374,1,0.211864406779661,0,0.0,0,0.0,17,3.6016949152542375,67,14.194915254237289,3,0.635593220338983
200375,8,1.694915254237288,12,2.542372881355932,19,4.02542372881356,42,8.898305084745763,19,4.02542372881356,28,5.932203389830509
200377,0,0.0,129,27.33050847457627,0,0.0,29,6.1440677966101696,85,18.008474576271187,20,4.237288135593221
200378,10,2.1186440677966103,12,2.542372881355932,5,1.0593220338983051,29,6.1440677966101696,83,17.584745762711865,3,0.635593220338983
200385,204,43.220338983050844,444,94.0677966101695,444,94.0677966101695,316,66.94915254237289,421,89.19491525423729,376,79.66101694915254
200391,0,0.0,0,0.0,0,0.0,3,0.635593220338983,6,1.271186440677966,1,0.211864406779661
200392,37,7.838983050847458,245,51.90677966101695,2,0.423728813559322,69,14.61864406779661,28,5.932203389830509,52,11.016949152542374
200393,1,0.211864406779661,4,0.847457627118644,0,0.0,8,1.694915254237288,0,0.0,7,1.4830508474576272
200394,77,16.3135593220339,5,1.0593220338983051,0,0.0,163,34.53389830508475,56,11.864406779661017,5,1.0593220338983051
200396,1,0.211864406779661,0,0.0,0,0.0,38,8.05084745762712,10,2.1186440677966103,2,0.423728813559322
200397,0,0.0,0,0.0,0,0.0,13,2.7542372881355934,2,0.423728813559322,2,0.423728813559322
200398,107,22.66949152542373,0,0.0,0,0.0,16,3.389830508474576,148,31.35593220338983,49,10.38135593220339
200399,15,3.1779661016949152,2,0.423728813559322,1,0.211864406779661,15,3.1779661016949152,5,1.0593220338983051,2,0.423728813559322
200410,3,0.635593220338983,0,0.0,0,0.0,5,1.0593220338983051,2,0.423728813559322,3,0.635593220338983
200411,131,27.75423728813559,217,45.97457627118644,37,7.838983050847458,5,1.0593220338983051,10,2.1186440677966103,97,20.550847457627118
200419,1,0.211864406779661,63,13.347457627118644,13,2.7542372881355934,2,0.423728813559322,5,1.0593220338983051,2,0.423728813559322
200420,10,2.1186440677966103,5,1.0593220338983051,0,0.0,87,18.43220338983051,2,0.423728813559322,22,4.661016949152542
200421,34,7.203389830508475,5,1.0593220338983051,0,0.0,1,0.211864406779661,17,3.6016949152542375,7,1.4830508474576272
200425,0,0.0,40,8.474576271186441,0,0.0,10,2.1186440677966103,7,1.4830508474576272,9,1.9067796610169492
200452,53,11.228813559322035,0,0.0,0,0.0,3,0.635593220338983,2,0.423728813559322,3,0.635593220338983
200453,106,22.45762711864407,2,0.423728813559322,0,0.0,42,8.898305084745763,1,0.211864406779661,2,0.423728813559322
200462,1,0.211864406779661,0,0.0,6,1.271186440677966,83,17.584745762711865,2,0.423728813559322,4,0.847457627118644
200473,0,0.0,36,7.627118644067797,0,0.0,11,2.330508474576271,60,12.711864406779661,3,0.635593220338983
200474,1,0.211864406779661,0,0.0,0,0.0,1,0.211864406779661,4,0.847457627118644,0,0.0
200475,16,3.389830508474576,4,0.847457627118644,0,0.0,43,9.110169491525424,48,10.169491525423728,0,0.0
200476,3,0.635593220338983,0,0.0,0,0.0,1,0.211864406779661,3,0.635593220338983,10,2.1186440677966103
200477,137,29.02542372881356,377,79.87288135593221,59,12.5,73,15.466101694915254,101,21.39830508474576,36,7.627118644067797
200478,311,65.88983050847457,127,26.906779661016948,388,82.20338983050847,405,85.80508474576271,347,73.51694915254237,443,93.85593220338983
200486,10,2.1186440677966103,0,0.0,1,0.211864406779661,9,1.9067796610169492,91,19.279661016949152,0,0.0
200487,0,0.0,11,2.330508474576271,0,0.0,81,17.161016949152543,1,0.211864406779661,2,0.423728813559322
200488,42,8.898305084745763,0,0.0,17,3.6016949152542375,8,1.694915254237288,1,0.211864406779661,2,0.423728813559322
200489,0,0.0,90,19.06779661016949,71,15.042372881355933,140,29.661016949152543,28,5.932203389830509,145,30.720338983050848
200507,1,0.211864406779661,0,0.0,65,13.771186440677965,106,22.45762711864407,71,15.042372881355933,1,0.211864406779661
200510,124,26.271186440677965,84,17.796610169491526,0,0.0,6,1.271186440677966,66,13.983050847457626,0,0.0
200515,132,27.966101694915253,0,0.0,0,0.0,25,5.296610169491525,13,2.7542372881355934,15,3.1779661016949152
200526,0,0.0,78,16.52542372881356,65,13.771186440677965,134,28.389830508474578,112,23.728813559322035,138,29.23728813559322
200537,0,0.0,0,0.0,0,0.0,54,11.440677966101696,65,13.771186440677965,0,0.0
200538,119,25.21186440677966,0,0.0,0,0.0,5,1.0593220338983051,3,0.635593220338983,0,0.0
200539,0,0.0,0,0.0,0,0.0,1,0.211864406779661,0,0.0,2,0.423728813559322
200543,3,0.635593220338983,0,0.0,0,0.0,18,3.8135593220338984,13,2.7542372881355934,78,16.52542372881356
200544,1,0.211864406779661,1,0.211864406779661,4,0.847457627118644,28,5.932203389830509,5,1.0593220338983051,3,0.635593220338983
200545,0,0.0,0,0.0,103,21.822033898305083,144,30.508474576271187,79,16.73728813559322,2,0.423728813559322
200546,0,0.0,61,12.923728813559322,0,0.0,11,2.330508474576271,3,0.635593220338983,2,0.423728813559322
200547,1,0.211864406779661,0,0.0,0,0.0,17,3.6016949152542375,5,1.0593220338983051,2,0.423728813559322
200548,5,1.0593220338983051,1,0.211864406779661,57,12.076271186440678,9,1.9067796610169492,5,1.0593220338983051,2,0.423728813559322
200549,3,0.635593220338983,0,0.0,9,1.9067796610169492,9,1.9067796610169492,13,2.7542372881355934,3,0.635593220338983
200550,11,2.330508474576271,121,25.635593220338983,7,1.4830508474576272,119,25.21186440677966,109,23.093220338983052,63,13.347457627118644
200552,9,1.9067796610169492,39,8.26271186440678,50,10.59322033898305,220,46.610169491525426,140,29.661016949152543,12,2.542372881355932
200558,132,27.966101694915253,31,6.567796610169491,0,0.0,19,4.02542372881356,4,0.847457627118644,2,0.423728813559322
200559,2,0.423728813559322,0,0.0,0,0.0,1,0.211864406779661,5,1.0593220338983051,1,0.211864406779661
200560,6,1.271186440677966,4,0.847457627118644,0,0.0,1,0.211864406779661,6,1.271186440677966,2,0.423728813559322
200561,132,27.966101694915253,35,7.415254237288136,0,0.0,0,0.0,14,2.9661016949152543,34,7.203389830508475
200562,28,5.932203389830509,12,2.542372881355932,231,48.940677966101696,171,36.228813559322035,96,20.338983050847457,293,62.07627118644068
200563,0,0.0,92,19.491525423728813,9,1.9067796610169492,0,0.0,0,0.0,2,0.423728813559322
200565,0,0.0,0,0.0,0,0.0,45,9.533898305084746,5,1.0593220338983051,3,0.635593220338983
200566,0,0.0,90,19.06779661016949,0,0.0,62,13.135593220338983,4,0.847457627118644,5,1.0593220338983051
200567,132,27.966101694915253,89,18.85593220338983,28,5.932203389830509,121,25.635593220338983,93,19.703389830508474,45,9.533898305084746
200574,132,27.966101694915253,34,7.203389830508475,0,0.0,21,4.4491525423728815,1,0.211864406779661,1,0.211864406779661
200575,8,1.694915254237288,34,7.203389830508475,2,0.423728813559322,1,0.211864406779661,22,4.661016949152542,1,0.211864406779661
200576,57,12.076271186440678,2,0.423728813559322,0,0.0,60,12.711864406779661,27,5.720338983050848,0,0.0
200592,125,26.483050847457626,4,0.847457627118644,3,0.635593220338983,1,0.211864406779661,14,2.9661016949152543,106,22.45762711864407
200593,40,8.474576271186441,1,0.211864406779661,104,22.033898305084747,81,17.161016949152543,80,16.949152542372882,2,0.423728813559322
200594,8,1.694915254237288,0,0.0,0,0.0,0,0.0,11,2.330508474576271,2,0.423728813559322
200595,63,13.347457627118644,11,2.330508474576271,1,0.211864406779661,81,17.161016949152543,90,19.06779661016949,86,18.220338983050848
200596,1,0.211864406779661,96,20.338983050847457,0,0.0,48,10.169491525423728,0,0.0,2,0.423728813559322
200597,189,40.04237288135593,178,37.71186440677966,215,45.55084745762712,303,64.19491525423729,103,21.822033898305083,196,41.52542372881356
200611,0,0.0,1,0.211864406779661,0,0.0,1,0.211864406779661,0,0.0,8,1.694915254237288
200612,47,9.957627118644067,1,0.211864406779661,1,0.211864406779661,50,10.59322033898305,61,12.923728813559322,1,0.211864406779661
200613,3,0.635593220338983,12,2.542372881355932,54,11.440677966101696,129,27.33050847457627,40,8.474576271186441,0,0.0
200614,20,4.237288135593221,0,0.0,1,0.211864406779661,24,5.084745762711864,1,0.211864406779661,0,0.0
200615,135,28.60169491525424,9,1.9067796610169492,2,0.423728813559322,34,7.203389830508475,53,11.228813559322035,31,6.567796610169491
200625,0,0.0,86,18.220338983050848,0,0.0,67,14.194915254237289,2,0.423728813559322,33,6.991525423728813
200642,0,0.0,19,4.02542372881356,0,0.0,5,1.0593220338983051,18,3.8135593220338984,49,10.38135593220339
200643,8,1.694915254237288,1,0.211864406779661,0,0.0,1,0.211864406779661,1,0.211864406779661,1,0.211864406779661
200644,9,1.9067796610169492,0,0.0,0,0.0,17,3.6016949152542375,23,4.872881355932203,101,21.39830508474576
200651,115,24.364406779661017,0,0.0,0,0.0,109,23.093220338983052,10,2.1186440677966103,196,41.52542372881356
200652,0,0.0,0,0.0,0,0.0,0,0.0,0,0.0,0,0.0
200653,66,13.983050847457626,64,13.559322033898304,28,5.932203389830509,166,35.16949152542373,151,31.991525423728813,219,46.398305084745765
200654,28,5.932203389830509,24,5.084745762711864,0,0.0,109,23.093220338983052,17,3.6016949152542375,219,46.398305084745765
200655,110,23.305084745762713,0,0.0,79,16.73728813559322,132,27.966101694915253,62,13.135593220338983,222,47.03389830508475
300858,10,2.1186440677966103,0,0.0,0,0.0,3,0.635593220338983,3,0.635593220338983,1,0.211864406779661
300859,1,0.211864406779661,0,0.0,98,20.76271186440678,72,15.254237288135593,1,0.211864406779661,1,0.211864406779661
300860,5,1.0593220338983051,201,42.58474576271186,0,0.0,9,1.9067796610169492,159,33.686440677966104,0,0.0
300861,133,28.177966101694917,34,7.203389830508475,1,0.211864406779661,121,25.635593220338983,3,0.635593220338983,1,0.211864406779661
300862,25,5.296610169491525,0,0.0,70,14.830508474576272,87,18.43220338983051,6,1.271186440677966,1,0.211864406779661
300863,0,0.0,0,0.0,1,0.211864406779661,173,36.652542372881356,18,3.8135593220338984,10,2.1186440677966103
300864,2,0.423728813559322,0,0.0,97,20.550847457627118,106,22.45762711864407,7,1.4830508474576272,2,0.423728813559322
300865,270,57.20338983050848,129,27.33050847457627,209,44.279661016949156,30,6.3559322033898304,70,14.830508474576272,329,69.70338983050847
300866,62,13.135593220338983,1,0.211864406779661,98,20.76271186440678,72,15.254237288135593,3,0.635593220338983,1,0.211864406779661
300867,68,14.40677966101695,35,7.415254237288136,0,0.0,1,0.211864406779661,67,14.194915254237289,1,0.211864406779661
300868,0,0.0,0,0.0,0,0.0,19,4.02542372881356,3,0.635593220338983,2,0.423728813559322
300873,0,0.0,0,0.0,0,0.0,0,0.0,1,0.211864406779661,1,0.211864406779661
300874,0,0.0,0,0.0,0,0.0,2,0.423728813559322,2,0.423728813559322,0,0.0
300875,33,6.991525423728813,26,5.508474576271187,0,0.0,1,0.211864406779661,0,0.0,1,0.211864406779661
300876,0,0.0,1,0.211864406779661,122,25.847457627118644,168,35.59322033898305,77,16.3135593220339,133,28.177966101694917
300877,2,0.423728813559322,0,0.0,0,0.0,0,0.0,41,8.686440677966102,0,0.0
300878,0,0.0,0,0.0,0,0.0,1,0.211864406779661,0,0.0,1,0.211864406779661
300879,44,9.322033898305085,0,0.0,0,0.0,30,6.3559322033898304,3,0.635593220338983,0,0.0
300880,136,28.8135593220339,28,5.932203389830509,18,3.8135593220338984,5,1.0593220338983051,1,0.211864406779661,1,0.211864406779661
300881,45,9.533898305084746,1,0.211864406779661,2,0.423728813559322,82,17.372881355932204,2,0.423728813559322,131,27.75423728813559
300882,1,0.211864406779661,0,0.0,123,26.059322033898304,153,32.41525423728814,75,15.889830508474576,0,0.0
300883,1,0.211864406779661,28,5.932203389830509,1,0.211864406779661,3,0.635593220338983,3,0.635593220338983,1,0.211864406779661
300884,0,0.0,0,0.0,1,0.211864406779661,0,0.0,0,0.0,4,0.847457627118644
300885,0,0.0,71,15.042372881355933,0,0.0,3,0.635593220338983,3,0.635593220338983,1,0.211864406779661
300886,8,1.694915254237288,0,0.0,0,0.0,1,0.211864406779661,19,4.02542372881356,3,0.635593220338983
300893,71,15.042372881355933,0,0.0,0,0.0,66,13.983050847457626,51,10.805084745762711,0,0.0
300894,1,0.211864406779661,1,0.211864406779661,0,0.0,68,14.40677966101695,8,1.694915254237288,0,0.0
300895,6,1.271186440677966,11,2.330508474576271,0,0.0,138,29.23728813559322,107,22.66949152542373,149,31.56779661016949
300896,138,29.23728813559322,91,19.279661016949152,0,0.0,16,3.389830508474576,52,11.016949152542374,149,31.56779661016949
300897,87,18.43220338983051,109,23.093220338983052,125,26.483050847457626,25,5.296610169491525,2,0.423728813559322,97,20.550847457627118
300898,34,7.203389830508475,185,39.19491525423729,29,6.1440677966101696,134,28.389830508474578,214,45.33898305084746,180,38.13559322033898
300901,1,0.211864406779661,11,2.330508474576271,0,0.0,0,0.0,1,0.211864406779661,2,0.423728813559322
300902,2,0.423728813559322,59,12.5,131,27.75423728813559,90,19.06779661016949,3,0.635593220338983,1,0.211864406779661
300903,131,27.75423728813559,5,1.0593220338983051,0,0.0,102,21.610169491525422,41,8.686440677966102,21,4.4491525423728815
300904,18,3.8135593220338984,0,0.0,131,27.75423728813559,99,20.97457627118644,2,0.423728813559322,0,0.0
300905,29,6.1440677966101696,0,0.0,0,0.0,1,0.211864406779661,146,30.93220338983051,0,0.0
300906,69,14.61864406779661,61,12.923728813559322,0,0.0,4,0.847457627118644,77,16.3135593220339,0,0.0
300907,106,22.45762711864407,3,0.635593220338983,0,0.0,2,0.423728813559322,3,0.635593220338983,0,0.0
300908,26,5.508474576271187,0,0.0,0,0.0,5,1.0593220338983051,151,31.991525423728813,0,0.0
300909,0,0.0,0,0.0,0,0.0,1,0.211864406779661,0,0.0,1,0.211864406779661
300910,0,0.0,50,10.59322033898305,0,0.0,1,0.211864406779661,5,1.0593220338983051,3,0.635593220338983
300911,226,47.88135593220339,34,7.203389830508475,185,39.19491525423729,244,51.69491525423729,153,32.41525423728814,104,22.033898305084747
300912,100,21.1864406779661,310,65.67796610169492,11,2.330508474576271,9,1.9067796610169492,133,28.177966101694917,162,34.32203389830509
300917,1,0.211864406779661,0,0.0,0,0.0,2,0.423728813559322,1,0.211864406779661,0,0.0
300918,26,5.508474576271187,123,26.059322033898304,0,0.0,0,0.0,1,0.211864406779661,1,0.211864406779661
300919,1,0.211864406779661,0,0.0,89,18.85593220338983,151,31.991525423728813,98,20.76271186440678,115,24.364406779661017
300920,5,1.0593220338983051,1,0.211864406779661,0,0.0,1,0.211864406779661,16,3.389830508474576,0,0.0
300921,144,30.508474576271187,1,0.211864406779661,27,5.720338983050848,11,2.330508474576271,14,2.9661016949152543,8,1.694915254237288
300922,4,0.847457627118644,194,41.101694915254235,4,0.847457627118644,24,5.084745762711864,20,4.237288135593221,226,47.88135593220339
300929,98,20.76271186440678,3,0.635593220338983,0,0.0,30,6.3559322033898304,38,8.05084745762712,3,0.635593220338983
300931,0,0.0,165,34.95762711864407,127,26.906779661016948,192,40.67796610169491,124,26.271186440677965,1,0.211864406779661
300932,66,13.983050847457626,3,0.635593220338983,0,0.0,0,0.0,2,0.423728813559322,57,12.076271186440678
300933,54,11.440677966101696,0,0.0,0,0.0,29,6.1440677966101696,14,2.9661016949152543,3,0.635593220338983
300934,131,27.75423728813559,8,1.694915254237288,124,26.271186440677965,177,37.5,194,41.101694915254235,10,2.1186440677966103
300935,0,0.0,121,25.635593220338983,2,0.423728813559322,81,17.161016949152543,15,3.1779661016949152,173,36.652542372881356
300936,168,35.59322033898305,88,18.64406779661017,42,8.898305084745763,1,0.211864406779661,10,2.1186440677966103,92,19.491525423728813
300937,49,10.38135593220339,0,0.0,138,29.23728813559322,216,45.76271186440678,178,37.71186440677966,183,38.771186440677965
300939,196,41.52542372881356,3,0.635593220338983,37,7.838983050847458,173,36.652542372881356,359,76.05932203389831,382,80.9322033898305
300941,211,44.70338983050848,192,40.67796610169491,37,7.838983050847458,174,36.86440677966102,174,36.86440677966102,358,75.84745762711864
300942,151,31.991525423728813,208,44.067796610169495,0,0.0,110,23.305084745762713,185,39.19491525423729,48,10.169491525423728
300943,213,45.1271186440678,164,34.74576271186441,446,94.49152542372882,187,39.61864406779661,62,13.135593220338983,309,65.46610169491525
300944,0,0.0,4,0.847457627118644,0,0.0,26,5.508474576271187,119,25.21186440677966,54,11.440677966101696
300946,0,0.0,1,0.211864406779661,0,0.0,0,0.0,16,3.389830508474576,0,0.0
300947,209,44.279661016949156,194,41.101694915254235,169,35.80508474576271,177,37.5,223,47.24576271186441,364,77.11864406779661
300948,306,64.83050847457628,247,52.33050847457627,405,85.80508474576271,177,37.5,358,75.84745762711864,382,80.9322033898305
300953,0,0.0,88,18.64406779661017,0,0.0,4,0.847457627118644,113,23.940677966101696,110,23.305084745762713
300954,120,25.423728813559322,0,0.0,0,0.0,4,0.847457627118644,12,2.542372881355932,132,27.966101694915253
300955,0,0.0,45,9.533898305084746,1,0.211864406779661,14,2.9661016949152543,7,1.4830508474576272,129,27.33050847457627
300956,86,18.220338983050848,13,2.7542372881355934,108,22.88135593220339,2,0.423728813559322,18,3.8135593220338984,31,6.567796610169491
300957,149,31.56779661016949,142,30.084745762711865,176,37.28813559322034,278,58.898305084745765,287,60.80508474576271,256,54.23728813559322
300959,0,0.0,112,23.728813559322035,38,8.05084745762712,42,8.898305084745763,198,41.94915254237288,2,0.423728813559322
300960,161,34.110169491525426,56,11.864406779661017,0,0.0,89,18.85593220338983,10,2.1186440677966103,201,42.58474576271186
300962,79,16.73728813559322,109,23.093220338983052,172,36.440677966101696,52,11.016949152542374,72,15.254237288135593,164,34.74576271186441
300963,6,1.271186440677966,0,0.0,0,0.0,6,1.271186440677966,1,0.211864406779661,1,0.211864406779661
300964,4,0.847457627118644,0,0.0,0,0.0,14,2.9661016949152543,89,18.85593220338983,165,34.95762711864407
300965,2,0.423728813559322,2,0.423728813559322,68,14.40677966101695,124,26.271186440677965,68,14.40677966101695,9,1.9067796610169492
300999,249,52.75423728813559,79,16.73728813559322,143,30.296610169491526,80,16.949152542372882,86,18.220338983050848,37,7.838983050847458
301000,0,0.0,0,0.0,0,0.0,3,0.635593220338983,0,0.0,1,0.211864406779661
301001,102,21.610169491525422,1,0.211864406779661,0,0.0,0,0.0,0,0.0,1,0.211864406779661
301002,0,0.0,100,21.1864406779661,0,0.0,147,31.14406779661017,79,16.73728813559322,1,0.211864406779661
301003,1,0.211864406779661,0,0.0,0,0.0,2,0.423728813559322,2,0.423728813559322,2,0.423728813559322
301004,0,0.0,2,0.423728813559322,0,0.0,1,0.211864406779661,0,0.0,1,0.211864406779661
301006,80,16.949152542372882,0,0.0,0,0.0,10,2.1186440677966103,36,7.627118644067797,4,0.847457627118644
301008,5,1.0593220338983051,59,12.5,49,10.38135593220339,39,8.26271186440678,129,27.33050847457627,2,0.423728813559322
301009,0,0.0,0,0.0,0,0.0,6,1.271186440677966,10,2.1186440677966103,0,0.0
301010,1,0.211864406779661,1,0.211864406779661,0,0.0,48,10.169491525423728,1,0.211864406779661,44,9.322033898305085
301011,86,18.220338983050848,0,0.0,0,0.0,2,0.423728813559322,10,2.1186440677966103,1,0.211864406779661
301012,0,0.0,1,0.211864406779661,48,10.169491525423728,62,13.135593220338983,129,27.33050847457627,46,9.745762711864407
301013,1,0.211864406779661,0,0.0,0,0.0,2,0.423728813559322,10,2.1186440677966103,5,1.0593220338983051
301014,67,14.194915254237289,9,1.9067796610169492,1,0.211864406779661,52,11.016949152542374,0,0.0,47,9.957627118644067
301015,2,0.423728813559322,1,0.211864406779661,0,0.0,2,0.423728813559322,85,18.008474576271187,1,0.211864406779661
301016,0,0.0,0,0.0,5,1.0593220338983051,68,14.40677966101695,10,2.1186440677966103,46,9.745762711864407
301017,2,0.423728813559322,3,0.635593220338983,8,1.694915254237288,76,16.10169491525424,10,2.1186440677966103,47,9.957627118644067
301018,40,8.474576271186441,0,0.0,48,10.169491525423728,16,3.389830508474576,0,0.0,1,0.211864406779661
301019,3,0.635593220338983,59,12.5,0,0.0,52,11.016949152542374,27,5.720338983050848,47,9.957627118644067
301020,12,2.542372881355932,2,0.423728813559322,0,0.0,0,0.0,0,0.0,1,0.211864406779661
301021,0,0.0,2,0.423728813559322,0,0.0,46,9.745762711864407,3,0.635593220338983,46,9.745762711864407
301022,28,5.932203389830509,0,0.0,49,10.38135593220339,87,18.43220338983051,140,29.661016949152543,49,10.38135593220339
301050,171,36.228813559322035,26,5.508474576271187,0,0.0,2,0.423728813559322,3,0.635593220338983,1,0.211864406779661
301051,70,14.830508474576272,6,1.271186440677966,0,0.0,21,4.4491525423728815,11,2.330508474576271,75,15.889830508474576
301056,303,64.19491525423729,306,64.83050847457628,238,50.42372881355932,356,75.42372881355932,335,70.97457627118644,288,61.016949152542374
301057,5,1.0593220338983051,25,5.296610169491525,0,0.0,2,0.423728813559322,2,0.423728813559322,1,0.211864406779661
301058,38,8.05084745762712,217,45.97457627118644,0,0.0,31,6.567796610169491,36,7.627118644067797,1,0.211864406779661
301060,131,27.75423728813559,14,2.9661016949152543,3,0.635593220338983,0,0.0,4,0.847457627118644,219,46.398305084745765
301061,9,1.9067796610169492,1,0.211864406779661,0,0.0,120,25.423728813559322,2,0.423728813559322,1,0.211864406779661
301086,215,45.55084745762712,80,16.949152542372882,122,25.847457627118644,57,12.076271186440678,72,15.254237288135593,254,53.813559322033896
301087,2,0.423728813559322,28,5.932203389830509,0,0.0,60,12.711864406779661,6,1.271186440677966,50,10.59322033898305
301088,13,2.7542372881355934,3,0.635593220338983,123,26.059322033898304,139,29.449152542372882,95,20.127118644067796,2,0.423728813559322
301089,25,5.296610169491525,225,47.66949152542373,128,27.11864406779661,178,37.71186440677966,113,23.940677966101696,56,11.864406779661017
301090,35,7.415254237288136,4,0.847457627118644,0,0.0,16,3.389830508474576,1,0.211864406779661,3,0.635593220338983
301091,301,63.771186440677965,305,64.61864406779661,418,88.55932203389831,355,75.21186440677967,432,91.52542372881356,405,85.80508474576271
301092,0,0.0,0,0.0,30,6.3559322033898304,62,13.135593220338983,1,0.211864406779661,3,0.635593220338983
301093,29,6.1440677966101696,200,42.3728813559322,0,0.0,19,4.02542372881356,72,15.254237288135593,2,0.423728813559322
301094,82,17.372881355932204,447,94.70338983050847,2,0.423728813559322,0,0.0,66,13.983050847457626,39,8.26271186440678
301095,24,5.084745762711864,0,0.0,1,0.211864406779661,0,0.0,1,0.211864406779661,0,0.0
301096,91,19.279661016949152,0,0.0,31,6.567796610169491,94,19.915254237288135,47,9.957627118644067,4,0.847457627118644
301097,83,17.584745762711865,67,14.194915254237289,13,2.7542372881355934,88,18.64406779661017,11,2.330508474576271,2,0.423728813559322
301110,0,0.0,1,0.211864406779661,0,0.0,115,24.364406779661017,28,5.932203389830509,1,0.211864406779661
301121,47,9.957627118644067,1,0.211864406779661,0,0.0,6,1.271186440677966,18,3.8135593220338984,2,0.423728813559322
301122,0,0.0,2,0.423728813559322,59,12.5,0,0.0,8,1.694915254237288,12,2.542372881355932
301123,23,4.872881355932203,64,13.559322033898304,0,0.0,71,15.042372881355933,20,4.237288135593221,2,0.423728813559322
301124,8,1.694915254237288,80,16.949152542372882,144,30.508474576271187,246,52.11864406779661,232,49.152542372881356,102,21.610169491525422
301125,54,11.440677966101696,140,29.661016949152543,0,0.0,0,0.0,2,0.423728813559322,125,26.483050847457626
301127,67,14.194915254237289,88,18.64406779661017,2,0.423728813559322,6,1.271186440677966,174,36.86440677966102,243,51.483050847457626
301128,76,16.10169491525424,0,0.0,53,11.228813559322035,21,4.4491525423728815,20,4.237288135593221,11,2.330508474576271
301129,1,0.211864406779661,5,1.0593220338983051,1,0.211864406779661,90,19.06779661016949,93,19.703389830508474,102,21.610169491525422
401262,84,17.796610169491526,0,0.0,0,0.0,141,29.872881355932204,50,10.59322033898305,0,0.0
401263,3,0.635593220338983,35,7.415254237288136,0,0.0,4,0.847457627118644,0,0.0,0,0.0
401264,9,1.9067796610169492,0,0.0,0,0.0,2,0.423728813559322,13,2.7542372881355934,23,4.872881355932203
401265,36,7.627118644067797,64,13.559322033898304,88,18.64406779661017,11,2.330508474576271,38,8.05084745762712,31,6.567796610169491
401266,312,66.10169491525424,34,7.203389830508475,126,26.694915254237287,166,35.16949152542373,86,18.220338983050848,78,16.52542372881356
401267,1,0.211864406779661,80,16.949152542372882,0,0.0,6,1.271186440677966,13,2.7542372881355934,23,4.872881355932203
401268,140,29.661016949152543,14,2.9661016949152543,126,26.694915254237287,164,34.74576271186441,137,29.02542372881356,9,1.9067796610169492
401269,11,2.330508474576271,36,7.627118644067797,0,0.0,4,0.847457627118644,0,0.0,2,0.423728813559322
401270,0,0.0,2,0.423728813559322,0,0.0,2,0.423728813559322,13,2.7542372881355934,24,5.084745762711864
401274,57,12.076271186440678,190,40.25423728813559,146,30.93220338983051,64,13.559322033898304,83,17.584745762711865,44,9.322033898305085
401275,132,27.966101694915253,0,0.0,0,0.0,1,0.211864406779661,0,0.0,0,0.0
401276,0,0.0,0,0.0,3,0.635593220338983,18,3.8135593220338984,49,10.38135593220339,2,0.423728813559322
401277,0,0.0,1,0.211864406779661,8,1.694915254237288,3,0.635593220338983,65,13.771186440677965,1,0.211864406779661
401278,6,1.271186440677966,0,0.0,37,7.838983050847458,251,53.17796610169491,54,11.440677966101696,90,19.06779661016949
401279,0,0.0,0,0.0,0,0.0,3,0.635593220338983,0,0.0,2,0.423728813559322
401281,0,0.0,248,52.54237288135593,126,26.694915254237287,287,60.80508474576271,77,16.3135593220339,2,0.423728813559322
401282,5,1.0593220338983051,0,0.0,0,0.0,0,0.0,0,0.0,0,0.0
401283,0,0.0,0,0.0,1,0.211864406779661,19,4.02542372881356,59,12.5,51,10.805084745762711
401285,2,0.423728813559322,100,21.1864406779661,0,0.0,73,15.466101694915254,28,5.932203389830509,3,0.635593220338983
401286,0,0.0,0,0.0,1,0.211864406779661,18,3.8135593220338984,44,9.322033898305085,153,32.41525423728814
401287,207,43.855932203389834,380,80.50847457627118,244,51.69491525423729,133,28.177966101694917,131,27.75423728813559,41,8.686440677966102
401288,0,0.0,0,0.0,0,0.0,2,0.423728813559322,5,1.0593220338983051,1,0.211864406779661
401289,125,26.483050847457626,0,0.0,23,4.872881355932203,28,5.932203389830509,0,0.0,229,48.516949152542374
401290,257,54.44915254237288,448,94.91525423728814,306,64.83050847457628,356,75.42372881355932,352,74.57627118644068,3,0.635593220338983
401291,0,0.0,0,0.0,0,0.0,1,0.211864406779661,1,0.211864406779661,1,0.211864406779661
401292,1,0.211864406779661,0,0.0,0,0.0,18,3.8135593220338984,58,12.288135593220339,155,32.83898305084746
401293,0,0.0,0,0.0,0,0.0,0,0.0,1,0.211864406779661,1,0.211864406779661
401294,161,34.110169491525426,1,0.211864406779661,0,0.0,1,0.211864406779661,1,0.211864406779661,0,0.0
401295,224,47.45762711864407,374,79.23728813559322,306,64.83050847457628,417,88.34745762711864,410,86.86440677966101,343,72.66949152542372
401296,41,8.686440677966102,372,78.8135593220339,318,67.37288135593221,370,78.38983050847457,354,75.0,2,0.423728813559322
401297,222,47.03389830508475,369,78.17796610169492,306,64.83050847457628,350,74.15254237288136,446,94.49152542372882,220,46.610169491525426
401300,0,0.0,0,0.0,0,0.0,56,11.864406779661017,2,0.423728813559322,1,0.211864406779661
401301,0,0.0,18,3.8135593220338984,1,0.211864406779661,0,0.0,0,0.0,11,2.330508474576271
401303,420,88.98305084745763,289,61.228813559322035,408,86.44067796610169,376,79.66101694915254,352,74.57627118644068,443,93.85593220338983
401305,0,0.0,0,0.0,0,0.0,53,11.228813559322035,1,0.211864406779661,0,0.0
401306,0,0.0,4,0.847457627118644,0,0.0,0,0.0,0,0.0,0,0.0
401308,1,0.211864406779661,10,2.1186440677966103,0,0.0,0,0.0,92,19.491525423728813,1,0.211864406779661
401311,109,23.093220338983052,14,2.9661016949152543,67,14.194915254237289,72,15.254237288135593,18,3.8135593220338984,1,0.211864406779661
401314,1,0.211864406779661,0,0.0,0,0.0,71,15.042372881355933,1,0.211864406779661,0,0.0
401315,1,0.211864406779661,0,0.0,0,0.0,20,4.237288135593221,0,0.0,0,0.0
401316,0,0.0,0,0.0,1,0.211864406779661,0,0.0,0,0.0,0,0.0
401317,0,0.0,0,0.0,0,0.0,74,15.677966101694915,1,0.211864406779661,0,0.0
401318,398,84.32203389830508,448,94.91525423728814,407,86.22881355932203,283,59.95762711864407,446,94.49152542372882,427,90.46610169491525
401319,0,0.0,0,0.0,0,0.0,0,0.0,0,0.0,0,0.0
401320,0,0.0,0,0.0,0,0.0,0,0.0,0,0.0,0,0.0
401321,313,66.3135593220339,0,0.0,408,86.44067796610169,226,47.88135593220339,359,76.05932203389831,419,88.77118644067797
401323,0,0.0,0,0.0,0,0.0,0,0.0,0,0.0,0,0.0
401324,0,0.0,0,0.0,0,0.0,0,0.0,0,0.0,0,0.0
401325,312,66.10169491525424,0,0.0,373,79.02542372881356,225,47.66949152542373,343,72.66949152542372,419,88.77118644067797
401327,0,0.0,215,45.55084745762712,0,0.0,0,0.0,0,0.0,0,0.0
401328,1,0.211864406779661,0,0.0,11,2.330508474576271,17,3.6016949152542375,1,0.211864406779661,0,0.0
401329,92,19.491525423728813,0,0.0,18,3.8135593220338984,100,21.1864406779661,1,0.211864406779661,4,0.847457627118644
401330,21,4.4491525423728815,270,57.20338983050848,25,5.296610169491525,47,9.957627118644067,145,30.720338983050848,13,2.7542372881355934
401331,0,0.0,0,0.0,0,0.0,0,0.0,0,0.0,2,0.423728813559322
401332,312,66.10169491525424,0,0.0,401,84.95762711864407,111,23.516949152542374,302,63.983050847457626,419,88.77118644067797
401334,0,0.0,214,45.33898305084746,0,0.0,2,0.423728813559322,14,2.9661016949152543,0,0.0
401358,117,24.78813559322034,0,0.0,0,0.0,96,20.338983050847457,81,17.161016949152543,0,0.0
401359,11,2.330508474576271,61,12.923728813559322,0,0.0,0,0.0,1,0.211864406779661,0,0.0
401360,0,0.0,0,0.0,2,0.423728813559322,194,41.101694915254235,168,35.59322033898305,171,36.228813559322035
401361,112,23.728813559322035,0,0.0,0,0.0,2,0.423728813559322,0,0.0,1,0.211864406779661
401362,0,0.0,0,0.0,17,3.6016949152542375,97,20.550847457627118,81,17.161016949152543,0,0.0
401363,0,0.0,72,15.254237288135593,0,0.0,81,17.161016949152543,91,19.279661016949152,170,36.016949152542374
401364,0,0.0,5,1.0593220338983051,48,10.169491525423728,1,0.211864406779661,0,0.0,0,0.0
401365,32,6.779661016949152,1,0.211864406779661,1,0.211864406779661,96,20.338983050847457,81,17.161016949152543,0,0.0
401366,3,0.635593220338983,13,2.7542372881355934,0,0.0,81,17.161016949152543,91,19.279661016949152,171,36.228813559322035
401367,20,4.237288135593221,0,0.0,1,0.211864406779661,1,0.211864406779661,0,0.0,0,0.0
401369,0,0.0,0,0.0,0,0.0,82,17.372881355932204,91,19.279661016949152,171,36.228813559322035
401370,20,4.237288135593221,37,7.838983050847458,1,0.211864406779661,96,20.338983050847457,80,16.949152542372882,0,0.0
401371,0,0.0,88,18.64406779661017,31,6.567796610169491,85,18.008474576271187,91,19.279661016949152,171,36.228813559322035
401372,6,1.271186440677966,1,0.211864406779661,17,3.6016949152542375,252,53.389830508474574,172,36.440677966101696,171,36.228813559322035
401374,5,1.0593220338983051,78,16.52542372881356,9,1.9067796610169492,203,43.00847457627118,254,53.813559322033896,184,38.983050847457626
401375,13,2.7542372881355934,89,18.85593220338983,0,0.0,167,35.38135593220339,80,16.949152542372882,84,17.796610169491526
401376,63,13.347457627118644,39,8.26271186440678,31,6.567796610169491,258,54.66101694915254,212,44.91525423728814,170,36.016949152542374
401378,10,2.1186440677966103,83,17.584745762711865,65,13.771186440677965,194,41.101694915254235,172,36.440677966101696,171,36.228813559322035
401380,11,2.330508474576271,36,7.627118644067797,48,10.169491525423728,135,28.60169491525424,1,0.211864406779661,0,0.0
401383,2,0.423728813559322,87,18.43220338983051,0,0.0,96,20.338983050847457,81,17.161016949152543,0,0.0
401384,119,25.21186440677966,33,6.991525423728813,0,0.0,83,17.584745762711865,91,19.279661016949152,172,36.440677966101696
401393,6,1.271186440677966,0,0.0,2,0.423728813559322,0,0.0,1,0.211864406779661,0,0.0
401394,0,0.0,0,0.0,1,0.211864406779661,0,0.0,1,0.211864406779661,0,0.0
401395,1,0.211864406779661,0,0.0,1,0.211864406779661,1,0.211864406779661,0,0.0,2,0.423728813559322
401396,0,0.0,0,0.0,0,0.0,0,0.0,0,0.0,0,0.0
401397,1,0.211864406779661,1,0.211864406779661,0,0.0,8,1.694915254237288,2,0.423728813559322,0,0.0
401398,48,10.169491525423728,36,7.627118644067797,65,13.771186440677965,33,6.991525423728813,37,7.838983050847458,2,0.423728813559322
401399,1,0.211864406779661,0,0.0,0,0.0,0,0.0,0,0.0,0,0.0
401400,0,0.0,16,3.389830508474576,0,0.0,16,3.389830508474576,1,0.211864406779661,0,0.0
401401,17,3.6016949152542375,28,5.932203389830509,0,0.0,8,1.694915254237288,1,0.211864406779661,0,0.0
401402,0,0.0,1,0.211864406779661,0,0.0,1,0.211864406779661,1,0.211864406779661,0,0.0
401403,0,0.0,0,0.0,0,0.0,1,0.211864406779661,0,0.0,2,0.423728813559322
401404,71,15.042372881355933,36,7.627118644067797,98,20.76271186440678,101,21.39830508474576,118,25.0,1,0.211864406779661
401405,78,16.52542372881356,4,0.847457627118644,66,13.983050847457626,12,2.542372881355932,26,5.508474576271187,108,22.88135593220339
401406,1,0.211864406779661,1,0.211864406779661,1,0.211864406779661,35,7.415254237288136,16,3.389830508474576,3,0.635593220338983
401407,1,0.211864406779661,26,5.508474576271187,141,29.872881355932204,28,5.932203389830509,23,4.872881355932203,9,1.9067796610169492
401408,20,4.237288135593221,17,3.6016949152542375,0,0.0,9,1.9067796610169492,8,1.694915254237288,2,0.423728813559322
401409,72,15.254237288135593,39,8.26271186440678,66,13.983050847457626,168,35.59322033898305,68,14.40677966101695,0,0.0
401418,1,0.211864406779661,0,0.0,1,0.211864406779661,0,0.0,9,1.9067796610169492,2,0.423728813559322
401420,0,0.0,1,0.211864406779661,0,0.0,1,0.211864406779661,1,0.211864406779661,0,0.0
401421,1,0.211864406779661,0,0.0,0,0.0,1,0.211864406779661,2,0.423728813559322,1,0.211864406779661
401422,0,0.0,0,0.0,1,0.211864406779661,1,0.211864406779661,2,0.423728813559322,1,0.211864406779661
401423,1,0.211864406779661,0,0.0,0,0.0,0,0.0,4,0.847457627118644,0,0.0
401424,0,0.0,0,0.0,0,0.0,0,0.0,1,0.211864406779661,1,0.211864406779661
401425,0,0.0,0,0.0,0,0.0,1,0.211864406779661,2,0.423728813559322,1,0.211864406779661
