# Timestep,-2147483647,0,200026,200199,200505,300839,300854,301036,401242,401248,401254,401258,401342,401353
1,0.0,0.0,0.0,0.0,0.0,0.0,0.0,0.0,0.0,0.0,0.0,0.0,0.0,0.0
2,0.0,0.0,0.0,0.0,0.0,0.0,0.0,0.0,0.0,0.0,0.0,0.0,0.0,0.0
3,0.0,0.0,0.0,0.0,0.0,0.0,0.0,0.0,0.0,0.0,0.0,0.0,0.0,0.0
4,0.0,0.0,0.0,0.0,0.0,0.0,0.0,0.0,0.0,0.0,0.0,0.0,0.0,0.0
5,0.0,0.0,0.0,0.0,0.0,0.0,0.0,0.0,0.0,0.0,0.0,0.0,0.0,0.0
6,1.0578447472653352e-05,0.0,7.18650480848737e-05,1.7239790039980107e-08,0.00012302282266318798,1.4079842181047297e-08,3.450998519838322e-06,1.6333893881892436e-06,1.0000000031710769e-30,5.093014260637574e-05,3.341482472662971e-12,1.3261870712710788e-08,9.399898637241222e-09,2.7760937992837853e-10
7,8.051607437664643e-05,0.0,0.00037189331487752497,3.34677315549925e-05,0.0005765218520537019,2.6190216885879636e-05,0.00012740590318571776,5.918602619203739e-05,9.28767622099258e-06,0.00035660265712067485,8.891610377759207e-06,2.7442805730970576e-05,1.5683604942751117e-05,6.985564141359646e-06
8,0.00021618387836497277,0.0,0.0010542137315496802,0.00014557928079739213,0.0015898749697953463,0.00010848447709577158,0.0006054493715055287,0.0002819662040565163,7.550395093858242e-05,0.0011282797204330564,7.34825516701676e-05,0.00012131863331887871,6.1891129007563e-05,6.141890480648726e-05
9,0.00040632145828567445,0.0,0.0021895477548241615,0.00040125372470356524,0.00330146262422204,0.00028055073926225305,0.0017829759744927287,0.0008497067610733211,0.00024746134295128286,0.002588496543467045,0.0002494923828635365,0.000333015457727015,0.00015901241567917168,0.0002181792660849169
10,0.0006498419097624719,0.0,0.003770453156903386,0.0009079790324904025,0.0056666359305381775,0.0005904249846935272,0.0040603941306471825,0.002015849109739065,0.0006180923664942384,0.004929504822939634,0.0006364964065141976,0.0007434377912431955,0.0003436361439526081,0.0005780752981081605
11,0.0009499231236986816,0.0,0.005791005212813616,0.0018184855580329895,0.0085701709613204,0.0011064399732276797,0.007810272742062807,0.004120437894016504,0.00132718775421381,0.008291044272482395,0.00138938392046839,0.0014622132293879986,0.0006674564792774618,0.0012907241471111774
12,0.001312006264925003,0.0,0.008330166339874268,0.0033215356525033712,0.012002905830740929,0.001938667963258922,0.013307089917361736,0.007677714340388775,0.002551930956542492,0.012837240472435951,0.002731108106672764,0.002611350966617465,0.0011933015193790197,0.0025521297939121723
13,0.0017429166473448277,0.0,0.01159729901701212,0.00563781289383769,0.016184164211153984,0.00327149941585958,0.020730577409267426,0.013601223938167095,0.00448276661336422,0.018889736384153366,0.00496034137904644,0.004303190391510725,0.0019922482315450907,0.004608908202499151
14,0.002250389428809285,0.0,0.015901517122983932,0.009076142683625221,0.021667592227458954,0.005384930409491062,0.030265871435403824,0.023470375686883926,0.007377317640930414,0.026966959238052368,0.008440999314188957,0.006635332014411688,0.003147493815049529,0.007789752446115017
15,0.0028426405042409897,0.0,0.02154705859720707,0.014178340323269367,0.029475821182131767,0.008637621067464352,0.042164698243141174,0.03942154720425606,0.012104559689760208,0.03765128552913666,0.013562198728322983,0.009707042947411537,0.004764738027006388,0.01257395837455988
16,0.0035279272124171257,0.0,0.028727686032652855,0.02185019664466381,0.0411418192088604,0.013422631658613682,0.05669419467449188,0.06347817182540894,0.02232035994529724,0.05136803537607193,0.02069140039384365,0.013636034913361073,0.006983846891671419,0.019686434417963028
17,0.004314247984439135,0.0,0.037492550909519196,0.033251531422138214,0.05834571644663811,0.020144974812865257,0.07424330711364746,0.09712351858615875,0.049241162836551666,0.06828812509775162,0.0301898755133152,0.018554193899035454,0.009992331266403198,0.030242323875427246
18,0.00520933186635375,0.0,0.04777276888489723,0.04935062304139137,0.08206833153963089,0.029235325753688812,0.09611628949642181,0.14183956384658813,0.11224813014268875,0.08854147791862488,0.04253451153635979,0.024591371417045593,0.014061876572668552,0.04619206488132477
19,0.00622070487588644,0.0,0.05940915271639824,0.07046184688806534,0.11192880570888519,0.04115362465381622,0.12630364298820496,0.19988270103931427,0.2238416075706482,0.11272003501653671,0.05847884714603424,0.031896963715553284,0.019661659374833107,0.07208994776010513
20,0.007356096059083939,0.0,0.07215961068868637,0.09623736888170242,0.14646680653095245,0.056354060769081116,0.17314794659614563,0.2741183936595917,0.3768409192562103,0.14240926504135132,0.07912803441286087,0.04076787456870079,0.0277386587113142,0.12035176157951355
21,0.008623274974524975,0.0,0.08571144938468933,0.12614867091178894,0.18405020236968994,0.07524361461400986,0.24733392894268036,0.36677101254463196,0.5534656047821045,0.18036872148513794,0.10592002421617508,0.051922354847192764,0.04030993953347206,0.21742352843284607
22,0.010030222125351429,0.0,0.09971798956394196,0.16003599762916565,0.22346246242523193,0.09816250205039978,0.3539559245109558,0.47822436690330505,0.7388414144515991,0.23001359403133392,0.1406746357679367,0.06686034053564072,0.06162022799253464,0.392779141664505
23,0.01158581580966711,0.0,0.11384707689285278,0.1982836127281189,0.2638309895992279,0.12535887956619263,0.48591285943984985,0.6073808670043945,0.9254816174507141,0.2941654920578003,0.18578919768333435,0.0880657210946083,0.0999315157532692,0.6496875882148743
24,0.013301963917911053,0.0,0.12781576812267303,0.2414398491382599,0.3042832016944885,0.1569247841835022,0.627804696559906,0.7537186741828918,1.1121701002120972,0.3737562596797943,0.24429525434970856,0.11866436153650284,0.16820119321346283,0.9611120820045471
25,0.015190117992460728,0.0,0.14139822125434875,0.28946882486343384,0.3437776565551758,0.19273175299167633,0.7653982043266296,0.9193227291107178,1.3015834093093872,0.4676312506198883,0.3193575441837311,0.1614670604467392,0.27941766381263733,1.2961314916610718
26,0.01726142317056656,0.0,0.15441223978996277,0.34115204215049744,0.3812158405780792,0.23246337473392487,0.8907228708267212,1.1088850498199463,1.4977397918701172,0.5738347768783569,0.413344144821167,0.21816478669643402,0.4372507929801941,1.6385241746902466
27,0.019525445997714996,0.0,0.16670122742652893,0.39412587881088257,0.4156683385372162,0.2757972478866577,1.001501202583313,1.3269211053848267,1.7036525011062622,0.6913560032844543,0.527276337146759,0.2896823287010193,0.6325636506080627,1.9860639572143555
28,0.021995525807142258,0.0,0.17812548577785492,0.44555187225341797,0.44653332233428955,0.32266202569007874,1.0985932350158691,1.5733494758605957,1.9200587272644043,0.820925235748291,0.6611350774765015,0.37755146622657776,0.8505442142486572,2.341647148132324
29,0.024677829816937447,0.0,0.18856744468212128,0.49294808506965637,0.4735640585422516,0.373391717672348,1.1839239597320557,1.8403574228286743,2.1458373069763184,0.9643523097038269,0.8143364787101746,0.4849507808685303,1.0794981718063354,2.70550274848938
30,0.027576712891459465,0.0,0.19794471561908722,0.534710168838501,0.4968053698539734,0.4286097288131714,1.2593977451324463,2.113346815109253,2.3795814514160156,1.122969388961792,0.9853256940841675,0.6161383390426636,1.3140497207641602,3.072232961654663
31,0.03069184720516205,0.0,0.2062218338251114,0.570195198059082,0.5164985656738281,0.4888160526752472,1.3265224695205688,2.375704288482666,2.6209259033203125,1.296199083328247,1.170331597328186,0.7741925120353699,1.5542551279067993,3.432692766189575
32,0.03401979058980942,0.0,0.21341338753700256,0.5995158553123474,0.53299480676651,0.553857684135437,1.3863823413848877,2.6141202449798584,2.870548725128174,1.481019139289856,1.3625539541244507,0.9584587812423706,1.804255723953247,3.7780439853668213
33,0.03756757080554962,0.0,0.21957774460315704,0.6232462525367737,0.5466911792755127,0.62259441614151,1.4397448301315308,2.8214340209960938,3.128960132598877,1.6724300384521484,1.552925705909729,1.1635602712631226,2.071488380432129,4.102652072906494
34,0.0413418710231781,0.0,0.22480465471744537,0.6421685814857483,0.5579871535301208,0.6929882764816284,1.487182855606079,2.996527671813965,3.3951072692871094,1.8644564151763916,1.7322403192520142,1.3805088996887207,2.3653814792633057,4.404252529144287
35,0.04535217583179474,0.0,0.2292008250951767,0.6571013927459717,0.5672584176063538,0.7625735402107239,1.5291731357574463,3.142514944076538,3.6658849716186523,2.0511221885681152,1.8933557271957397,1.5988513231277466,2.6944730281829834,4.682173728942871
36,0.04959284886717796,0.0,0.23287756741046906,0.6688039898872375,0.5748427510261536,0.8290354013442993,1.5661568641662598,3.264594554901123,3.936875343322754,2.227139949798584,2.0323472023010254,1.8086410760879517,3.0623247623443604,4.935459613800049
37,0.05406695976853371,0.0,0.23594172298908234,0.6779339909553528,0.5810348987579346,0.8906203508377075,1.598565936088562,3.368281841278076,4.203771591186523,2.3883371353149414,2.148407459259033,2.0018203258514404,3.4641640186309814,5.162248134613037
38,0.058780428022146225,0.0,0.23849037289619446,0.6850376129150391,0.5860849022865295,0.9462746977806091,1.626829743385315,3.4582440853118896,4.463555335998535,2.5318944454193115,2.242983102798462,2.173008918762207,3.886443614959717,5.360473155975342
39,0.0637393444776535,0.0,0.24060837924480438,0.6905571818351746,0.5902022123336792,0.9955719709396362,1.6513683795928955,3.5377466678619385,4.714816570281982,2.6564364433288574,2.318751811981201,2.319704294204712,4.3099188804626465,5.529111385345459
40,0.06894847005605698,0.0,0.2423681914806366,0.6948436498641968,0.5935590863227844,1.0385500192642212,1.672581434249878,3.6086373329162598,4.957225799560547,2.7619292736053467,2.3787972927093506,2.441922426223755,4.714685440063477,5.669051647186279
41,0.07441269606351852,0.0,0.243830606341362,0.6981731057167053,0.5962965488433838,1.075545072555542,1.6908433437347412,3.671704053878784,5.190655708312988,2.8494319915771484,2.4260919094085693,2.541482925415039,5.084710597991943,5.783216953277588
42,0.08014243096113205,0.0,0.24504613876342773,0.7007607221603394,0.5985295176506042,1.1070616245269775,1.7064979076385498,3.727194309234619,5.414486885070801,2.920743703842163,2.463244915008545,2.621213912963867,5.410202980041504,5.876081466674805
43,0.086151622235775,0.0,0.2460566610097885,0.7027736902236938,0.6003512144088745,1.133684754371643,1.7198580503463745,3.7752814292907715,5.627422332763672,2.9780445098876953,2.4924216270446777,2.684288740158081,5.687683582305908,5.952997207641602
44,0.09245473146438599,0.0,0.24689678847789764,0.7043415307998657,0.6018375158309937,1.1560200452804565,1.7312068939208984,3.8163392543792725,5.827781677246094,3.0235962867736816,2.515359878540039,2.733781576156616,5.918576240539551,6.019684314727783
45,0.09906293451786041,0.0,0.2475951910018921,0.7055642008781433,0.6030498743057251,1.1746561527252197,1.7408007383346558,3.851018190383911,6.014023780822754,3.0595343112945557,2.533428192138672,2.7724246978759766,6.107327938079834,6.081996440887451
46,0.10598204284906387,0.0,0.24817566573619843,0.7065191864967346,0.6040385365486145,1.1901408433914185,1.7488714456558228,3.880171060562134,6.185211658477783,3.0877490043640137,2.5476925373077393,2.802523374557495,6.259754180908203,6.145873069763184
47,0.11321065574884415,0.0,0.2486579418182373,0.7072663903236389,0.6048446297645569,1.202967643737793,1.7556276321411133,3.9047226905822754,6.341249942779541,3.109839916229248,2.55897855758667,2.8259501457214355,6.3818817138671875,6.217298984527588
48,0.12073624134063721,0.0,0.24905845522880554,0.7078517079353333,0.6055014133453369,1.2135705947875977,1.7612563371658325,3.925549030303955,6.482874393463135,3.1271181106567383,2.567927837371826,2.8441948890686035,6.479282379150391,6.302073955535889
49,0.12854279577732086,0.0,0.24939092993736267,0.7083112597465515,0.6060364246368408,1.2223225831985474,1.7659239768981934,3.9433906078338623,6.6114630699157715,3.1406326293945312,2.5750374794006348,2.8584237098693848,6.556778430938721,6.405394554138184
50,0.13662438094615936,0.0,0.24966678023338318,0.7086727023124695,0.6064720153808594,1.229541301727295,1.7697781324386597,3.9588122367858887,6.728787422180176,3.1512134075164795,2.5806946754455566,2.8695425987243652,6.618385314941406,6.531899452209473
51,0.14496900141239166,0.0,0.2498955875635147,0.7089576125144958,0.6068266034126282,1.2354927062988281,1.7729482650756836,3.9722025394439697,6.836763858795166,3.159508228302002,2.585202932357788,2.8782505989074707,6.6673665046691895,6.687729358673096
52,0.1535632312297821,0.0,0.2500852942466736,0.7091826796531677,0.6071152687072754,1.2403982877731323,1.7755463123321533,3.98380708694458,6.937243461608887,3.1660211086273193,2.588799476623535,2.8850860595703125,6.706332206726074,6.884983539581299
53,0.16240857541561127,0.0,0.25024256110191345,0.709360659122467,0.60735023021698,1.2444422245025635,1.7776685953140259,3.993774652481079,7.031844615936279,3.171142578125,2.591672420501709,2.8904643058776855,6.73736047744751,7.143900394439697
54,0.17149598896503448,0.0,0.25037288665771484,0.7095018625259399,0.6075413823127747,1.2477768659591675,1.77939772605896,4.002213478088379,7.121832847595215,3.1751768589019775,2.5939691066741943,2.8947062492370605,6.762093544006348,7.484955787658691
55,0.18079793453216553,0.0,0.25048092007637024,0.709614098072052,0.6076969504356384,1.250527024269104,1.7808035612106323,4.00923490524292,7.2080535888671875,3.1783607006073,2.5958073139190674,2.898059129714966,6.781832218170166,7.910915374755859
56,0.19027990102767944,0.0,0.25057047605514526,0.7097035050392151,0.6078235507011414,1.2527964115142822,1.7819443941116333,4.014975547790527,7.290923118591309,3.1808767318725586,2.5972790718078613,2.9007151126861572,6.797603607177734,8.393115043640137
57,0.19990183413028717,0.0,0.2506447732448578,0.7097748517990112,0.6079267263412476,1.2546696662902832,1.782868504524231,4.01960563659668,7.370484352111816,3.1828677654266357,2.598458766937256,2.902822971343994,6.810220718383789,8.877861022949219
58,0.20962288975715637,0.0,0.25070637464523315,0.709831953048706,0.6080107688903809,1.2562170028686523,1.783616542816162,4.023311138153076,7.44650936126709,3.184445381164551,2.59940505027771,2.904498815536499,6.82032585144043,9.310423851013184
59,0.2194054275751114,0.0,0.25075751543045044,0.7098777890205383,0.608079195022583,1.2574959993362427,1.7842216491699219,4.026281833648682,7.518638610839844,3.1856977939605713,2.6001651287078857,2.9058337211608887,6.828431129455566,9.657273292541504
60,0.2292136549949646,0.0,0.2507999837398529,0.7099147439002991,0.6081350445747375,1.2585538625717163,1.7847108840942383,4.02869176864624,7.586523056030273,3.1866934299468994,2.600775957107544,2.9068989753723145,6.834939956665039,9.912169456481934
61,0.23900985717773438,0.0,0.2508352994918823,0.7099446058273315,0.608180582523346,1.2594293355941772,1.7851064205169678,4.030688762664795,7.649946689605713,3.187485694885254,2.601267099380493,2.9077506065368652,6.840173244476318,10.088278770446777
62,0.24875178933143616,0.0,0.2508646845817566,0.7099688053131104,0.6082176566123962,1.2601549625396729,1.7854262590408325,4.0323896408081055,7.70890998840332,3.188117504119873,2.601663112640381,2.9084324836730957,6.844388484954834,10.206406593322754
63,0.2583937346935272,0.0,0.2508891820907593,0.7099884152412415,0.6082480549812317,1.2607566118240356,1.7856850624084473,4.033883571624756,7.763660430908203,3.188621997833252,2.6019821166992188,2.908979892730713,6.847787380218506,10.286453247070312
64,0.2678920030593872,0.0,0.25090962648391724,0.7100043892860413,0.608272910118103,1.2612559795379639,1.7858946323394775,4.0352325439453125,7.814664363861084,3.189025640487671,2.6022398471832275,2.9094200134277344,6.850532531738281,10.343636512756348
65,0.27721118927001953,0.0,0.2509267032146454,0.7100174427032471,0.6082932353019714,1.2616710662841797,1.7860642671585083,4.03648042678833,7.862537384033203,3.1893486976623535,2.602447986602783,2.909773111343384,6.852751731872559,10.388069152832031
66,0.2852228879928589,0.0,0.2451123148202896,0.7019994854927063,0.5977415442466736,1.253560185432434,1.7688418626785278,4.010155200958252,7.8780412673950195,3.168682813644409,2.5874104499816895,2.899136781692505,6.838596343994141,10.395456314086914
67,0.2926720678806305,0.0,0.23697413504123688,0.6881827116012573,0.5822560787200928,1.238960862159729,1.7408630847930908,3.9619765281677246,7.8571929931640625,3.135031223297119,2.5613667964935303,2.880902051925659,6.80595588684082,10.36520767211914
68,0.29955342411994934,0.0,0.2272137999534607,0.6691845059394836,0.5620575547218323,1.218155860900879,1.7017450332641602,3.8929965496063232,7.797512531280518,3.0887808799743652,2.524587869644165,2.853710889816284,6.750563621520996,10.29259967803955
69,0.3058602213859558,0.0,0.21634462475776672,0.6459662318229675,0.5379346013069153,1.1919184923171997,1.6513563394546509,3.8047587871551514,7.702014446258545,3.030323028564453,2.4774293899536133,2.816817045211792,6.670541286468506,10.178439140319824
70,0.31157776713371277,0.0,0.2048177719116211,0.6195477247238159,0.5110267400741577,1.161215901374817,1.5906816720962524,3.6994357109069824,7.575464725494385,2.9604923725128174,2.420618772506714,2.7701282501220703,6.56631326675415,10.027495384216309
71,0.3166782557964325,0.0,0.19301846623420715,0.5908753871917725,0.4824833571910858,1.1270337104797363,1.521673560142517,3.5797109603881836,7.422706127166748,2.8805058002471924,2.3551948070526123,2.7140190601348877,6.439970970153809,9.846478462219238
72,0.3211198151111603,0.0,0.18125170469284058,0.560789167881012,0.45328325033187866,1.0902763605117798,1.4468013048171997,3.448533058166504,7.248283863067627,2.791832447052002,2.2823550701141357,2.6491832733154297,6.294525623321533,9.642773628234863
73,0.3248504102230072,0.0,0.16974200308322906,0.5300202965736389,0.4241902530193329,1.0517195463180542,1.3686085939407349,3.3088855743408203,7.056473731994629,2.696096181869507,2.2033541202545166,2.576531410217285,6.133280277252197,9.423733711242676
74,0.32781538367271423,0.0,0.15864409506320953,0.49919018149375916,0.39577049016952515,1.0120033025741577,1.2893882989883423,3.163642168045044,6.851336479187012,2.5949907302856445,2.1194663047790527,2.4971249103546143,5.959411144256592,9.1962251663208
75,0.32996708154678345,0.0,0.14805752038955688,0.4688085615634918,0.3684261441230774,0.9716476798057556,1.211008906364441,3.0154759883880615,6.63668966293335,2.4901957511901855,2.031970500946045,2.4121298789978027,5.775764465332031,8.966300010681152
76,0.3312741816043854,0.0,0.13804057240486145,0.4392738938331604,0.3424266576766968,0.9310783743858337,1.1348634958267212,2.866792917251587,6.4160475730896,2.3832950592041016,1.9421277046203613,2.3227698802948,5.584794998168945,8.739009857177734
77,0.33172890543937683,0.0,0.12862181663513184,0.41088035702705383,0.31793591380119324,0.8906502723693848,1.0619051456451416,2.719677686691284,6.192520618438721,2.2757129669189453,1.8511483669281006,2.2302849292755127,5.388604164123535,8.518302917480469
78,0.3313491940498352,0.0,0.1198086366057396,0.38382989168167114,0.2950352132320404,0.8506635427474976,0.9927210211753845,2.575868844985962,5.968775749206543,2.168677568435669,1.7601521015167236,2.135885000228882,5.189019680023193,8.307068824768066
79,0.3301774859428406,0.0,0.11159364134073257,0.3582468032836914,0.2737429738044739,0.811372697353363,0.9276167154312134,2.436744213104248,5.747006893157959,2.0632100105285645,1.6701332330703735,2.040706157684326,4.987662315368652,8.107234001159668
80,0.32827481627464294,0.0,0.10395927727222443,0.33419325947761536,0.25403228402137756,0.7729916572570801,0.8666942715644836,2.303337574005127,5.528953552246094,1.960128664970398,1.5819379091262817,1.945778727531433,4.786005020141602,7.9199113845825195
81,0.3257145583629608,0.0,0.09688117355108261,0.31168338656425476,0.2358444184064865,0.7356962561607361,0.8099151849746704,2.1763663291931152,5.315943717956543,1.8600654602050781,1.496254324913025,1.8520008325576782,4.58539342880249,7.745570659637451
82,0.3225749731063843,0.0,0.09033061563968658,0.29069599509239197,0.2191006988286972,0.6996259689331055,0.7571501135826111,2.056272506713867,5.108956336975098,1.7634896039962769,1.4136145114898682,1.7601277828216553,4.38705587387085,7.584184169769287
83,0.31893423199653625,0.0,0.08427637815475464,0.2711843252182007,0.20371074974536896,0.6648861169815063,0.7082134485244751,1.9432674646377563,4.908683776855469,1.670731782913208,1.3344043493270874,1.6707717180252075,4.192097187042236,7.43536901473999
84,0.3148660361766815,0.0,0.07868613302707672,0.2530847489833832,0.18957890570163727,0.6315508484840393,0.6628879308700562,1.837379813194275,4.71558141708374,1.5820063352584839,1.2588804960250854,1.5844063758850098,4.001482963562012,7.298503398895264
85,0.31043750047683716,0.0,0.07352743297815323,0.23632268607616425,0.17660875618457794,0.5996668338775635,0.6209418177604675,1.7384965419769287,4.529928684234619,1.4974331855773926,1.1871894598007202,1.501379132270813,3.8160345554351807,7.172816276550293
86,0.3057088851928711,0.0,0.06876841932535172,0.22081753611564636,0.16470615565776825,0.5692560076713562,0.582139790058136,1.6464004516601562,4.3518548011779785,1.4170557260513306,1.1193863153457642,1.4219268560409546,3.6364219188690186,7.057453632354736
87,0.3007330894470215,0.0,0.06437841802835464,0.20648637413978577,0.15378111600875854,0.5403202772140503,0.5462507009506226,1.5608021020889282,4.181378364562988,1.3408564329147339,1.0554531812667847,1.34619140625,3.4631643295288086,6.951530933380127
88,0.2955564260482788,0.0,0.060328200459480286,0.19324630498886108,0.14374899864196777,0.5128447413444519,0.5130517482757568,1.4813646078109741,4.018423557281494,1.2687699794769287,0.9953161478042603,1.2742353677749634,3.2966408729553223,6.854174613952637
89,0.2902190685272217,0.0,0.0565902478992939,0.18101654946804047,0.13453103601932526,0.48680076003074646,0.4823314845561981,1.40772545337677,3.862844467163086,1.20069420337677,0.9388596415519714,1.2060571908950806,3.1370973587036133,6.764537811279297
90,0.28475573658943176,0.0,0.05313883349299431,0.16971945762634277,0.12605459988117218,0.46214962005615234,0.4538913667201996,1.3395096063613892,3.7144346237182617,1.1365000009536743,0.8859383463859558,1.1416043043136597,2.9846644401550293,6.681822776794434
91,0.27919042110443115,0.0,0.04995007440447807,0.1592814028263092,0.11825307458639145,0.4388447105884552,0.4275461733341217,1.2763428688049316,3.572935104370117,1.076038122177124,0.8363876342773438,1.0807859897613525,2.8393728733062744,6.605289936065674
92,0.27355608344078064,0.0,0.047001902014017105,0.1496332585811615,0.11106568574905396,0.4168337881565094,0.40312451124191284,1.2178584337234497,3.4380476474761963,1.0191460847854614,0.7900308966636658,1.0234824419021606,2.701169490814209,6.5342583656311035
93,0.26787662506103516,0.0,0.044274020940065384,0.14071053266525269,0.10443715006113052,0.3960610628128052,0.3804681897163391,1.1637041568756104,3.3094429969787598,0.9656526446342468,0.7466862201690674,0.969553530216217,2.5699331760406494,6.468116283416748
94,0.2621734142303467,0.0,0.0417478121817112,0.13245342671871185,0.09831731766462326,0.37646833062171936,0.35943180322647095,1.1135451793670654,3.1867759227752686,0.9153828620910645,0.7061710953712463,0.9188458323478699,2.4454901218414307,6.406308174133301
95,0.25646570324897766,0.0,0.03940623998641968,0.12480679154396057,0.09266074746847153,0.35799652338027954,0.33988213539123535,1.0670660734176636,3.0696942806243896,0.8681607246398926,0.6683055758476257,0.871198296546936,2.327624797821045,6.348337173461914
96,0.2507708966732025,0.0,0.037233754992485046,0.1177198588848114,0.0874263346195221,0.34058672189712524,0.3216972053050995,1.023971676826477,2.957858085632324,0.8238120079040527,0.6329149603843689,0.8264462351799011,2.216092109680176,6.293763160705566
97,0.24510402977466583,0.0,0.035216182470321655,0.11114608496427536,0.0825769305229187,0.3241807222366333,0.3047657907009125,0.9839889407157898,2.8509488105773926,0.782166600227356,0.5998318791389465,0.7844250798225403,2.110629081726074,6.2421956062316895
98,0.23947837948799133,0.0,0.03334059938788414,0.10504288226366043,0.07807894796133041,0.3087216019630432,0.2889861762523651,0.9468638300895691,2.7486798763275146,0.743059515953064,0.5688968896865845,0.7449729442596436,2.0109593868255615,6.193292617797852
99,0.23390187323093414,0.0,0.03159525245428085,0.09937132894992828,0.07390206307172775,0.29415440559387207,0.2742656469345093,0.9123635292053223,2.6508023738861084,0.7063321471214294,0.5399593710899353,0.7079324126243591,1.9168001413345337,6.146749973297119
100,0.22838248312473297,0.0,0.02996944636106491,0.09409590065479279,0.07001881301403046,0.2804260551929474,0.2605198621749878,0.8802728056907654,2.557105779647827,0.6718330979347229,0.5128775835037231,0.6731516122817993,1.827868938446045,6.102297782897949
101,0.22293220460414886,0.0,0.028453443199396133,0.08918420225381851,0.06640441715717316,0.26748591661453247,0.24767176806926727,0.850394606590271,2.4674158096313477,0.6394183039665222,0.4875193238258362,0.6404855847358704,1.743886113166809,6.0597028732299805
102,0.2175583839416504,0.0,0.027038387954235077,0.08460669219493866,0.06303641945123672,0.25528576970100403,0.2356511503458023,0.8225480318069458,2.3815817832946777,0.6089518666267395,0.4637609124183655,0.6097967028617859,1.6645780801773071,6.018756866455078
103,0.21226665377616882,0.0,0.025716222822666168,0.08033647388219833,0.059894513338804245,0.24377985298633575,0.22439399361610413,0.7965681552886963,2.2994775772094727,0.5803054571151733,0.441487580537796,0.5809546113014221,1.589679479598999,5.979264736175537
104,0.20706413686275482,0.0,0.02447960525751114,0.07634900510311127,0.05696028843522072,0.2329249083995819,0.21384190022945404,0.7723035216331482,2.2209877967834473,0.5533586144447327,0.420592725276947,0.5538367033004761,1.518934726715088,5.941035270690918
105,0.20195013284683228,0.0,0.023321853950619698,0.07262192666530609,0.05421705171465874,0.22268018126487732,0.20394153892993927,0.749616265296936,2.146003007888794,0.5279983282089233,0.40097758173942566,0.5283277630805969,1.452099323272705,5.903886318206787
106,0.19692197442054749,0.0,0.02223687805235386,0.06913487613201141,0.051649656146764755,0.21300730109214783,0.19464416801929474,0.7283802628517151,2.0744152069091797,0.5041190981864929,0.38255080580711365,0.5043200850486755,1.388940691947937,5.867645740509033
107,0.19198885560035706,0.0,0.021219119429588318,0.06586923450231552,0.04924432933330536,0.2038702368736267,0.18590524792671204,0.7084804177284241,2.006113290786743,0.4816223382949829,0.36522799730300903,0.481713205575943,1.3292375802993774,5.832169055938721
108,0.18715707957744598,0.0,0.020263509824872017,0.06280805170536041,0.046988558024168015,0.1952352374792099,0.17768408358097076,0.6898120641708374,1.9409830570220947,0.46041610836982727,0.34893110394477844,0.4604131281375885,1.2727807760238647,5.79734992980957
109,0.18242688477039337,0.0,0.01936541497707367,0.05993583798408508,0.04487093165516853,0.18707068264484406,0.16994330286979675,0.6722795367240906,1.8789066076278687,0.4404148459434509,0.3335881531238556,0.4403325319290161,1.2193726301193237,5.763115406036377
110,0.1777999997138977,0.0,0.018520601093769073,0.05723843351006508,0.042881082743406296,0.1793469935655594,0.1626487523317337,0.6557953953742981,1.819762945175171,0.42153894901275635,0.31913265585899353,0.4213900864124298,1.1688275337219238,5.72941780090332
111,0.1732783019542694,0.0,0.01772519387304783,0.054702892899513245,0.041009511798620224,0.17203658819198608,0.15576902031898499,0.6402801871299744,1.7634299993515015,0.40371429920196533,0.3055032789707184,0.40351027250289917,1.1209702491760254,5.696228981018066
112,0.16886374354362488,0.0,0.0169756468385458,0.05231738090515137,0.03924756497144699,0.16511359810829163,0.1492753028869629,0.6256608963012695,1.7097846269607544,0.3868721127510071,0.29264333844184875,0.38662290573120117,1.0756374597549438,5.663527488708496
113,0.16455000638961792,0.0,0.01626870594918728,0.050071049481630325,0.037587326020002365,0.15855397284030914,0.14314112067222595,0.6118711233139038,1.6587045192718506,0.3709484338760376,0.2805005609989166,0.37066277861595154,1.03267502784729,5.631289482116699
114,0.16031421720981598,0.0,0.0156013872474432,0.047953955829143524,0.03602154552936554,0.15233521163463593,0.13734206557273865,0.5988495945930481,1.6100690364837646,0.3558838963508606,0.26902660727500916,0.355569452047348,0.9919386506080627,5.599493026733398
115,0.1561991423368454,0.0,0.014970951713621616,0.04595697671175003,0.03454357758164406,0.1464363932609558,0.13185575604438782,0.5865399837493896,1.5637598037719727,0.34162330627441406,0.25817689299583435,0.34128665924072266,0.9532937407493591,5.568115234375
116,0.15218810737133026,0.0,0.014374880120158195,0.0440717376768589,0.03314733877778053,0.1408379077911377,0.12666146457195282,0.5748888850212097,1.519660472869873,0.32811540365219116,0.24791017174720764,0.32776230573654175,0.9166143536567688,5.537128925323486
117,0.1482943743467331,0.0,0.013810854405164719,0.04229055717587471,0.03182722255587578,0.1355215609073639,0.12174013257026672,0.5638445615768433,1.4776585102081299,0.31531253457069397,0.23818831145763397,0.31494808197021484,0.8817821741104126,5.506477355957031
118,0.14451023936271667,0.0,0.013276742771267891,0.04060634225606918,0.030578088015317917,0.13047033548355103,0.1170741394162178,0.5533528923988342,1.4376426935195923,0.3031705617904663,0.2289760410785675,0.30279895663261414,0.8486873507499695,5.475887775421143
119,0.14084036648273468,0.0,0.0127705754712224,0.03901258111000061,0.029395196586847305,0.12566833198070526,0.1126471757888794,0.5433558821678162,1.399505853652954,0.291648268699646,0.2202407419681549,0.2912732660770416,0.8172265291213989,5.444469928741455
120,0.13728013634681702,0.0,0.012290539219975471,0.03750326856970787,0.028274187818169594,0.1211007684469223,0.10844417661428452,0.5337871313095093,1.3631435632705688,0.2807074785232544,0.21195213496685028,0.28033220767974854,0.7873035073280334,5.41032600402832
121,0.13382002711296082,0.0,0.011834955774247646,0.03607286512851715,0.027211034670472145,0.11675381660461426,0.10445120185613632,0.5245711803436279,1.3284553289413452,0.270312637090683,0.20408222079277039,0.26993975043296814,0.7588282823562622,5.370085716247559
122,0.13046053051948547,0.0,0.011402277275919914,0.03471627086400986,0.026202024891972542,0.11261457949876785,0.10065530985593796,0.5156235694885254,1.2953441143035889,0.2604306638240814,0.19660498201847076,0.26006242632865906,0.7317167520523071,5.318246364593506
123,0.12720227241516113,0.0,0.010991069488227367,0.033428750932216644,0.0252437274903059,0.10867101699113846,0.09704448282718658,0.5068550705909729,1.2637174129486084,0.25103071331977844,0.18949633836746216,0.25066903233528137,0.7058901786804199,5.247013568878174
124,0.12404456734657288,0.0,0.010600005276501179,0.03220594301819801,0.024332964792847633,0.10491188615560532,0.093607597053051,0.4981766939163208,1.2334867715835571,0.24208420515060425,0.18273386359214783,0.24173058569431305,0.6812748908996582,5.147835731506348
125,0.12098678201436996,0.0,0.010227854363620281,0.031043803319334984,0.023466799408197403,0.10132668167352676,0.09033429622650146,0.48950713872909546,1.204568862915039,0.2335643619298935,0.17629678547382355,0.23322010040283203,0.6578022837638855,5.014526844024658
126,0.11802826076745987,0.0,0.009873474016785622,0.02993858978152275,0.022642502561211586,0.09790556132793427,0.08721495419740677,0.4807794392108917,1.1768848896026611,0.22544629871845245,0.1701657474040985,0.2251124531030655,0.6354078650474548,4.8461384773254395
127,0.115167535841465,0.0,0.009535805322229862,0.0288868248462677,0.021857555955648422,0.0946393609046936,0.0842406302690506,0.47194579243659973,1.1503609418869019,0.21770678460597992,0.16432276368141174,0.21738414466381073,0.6140314340591431,4.6477885246276855
128,0.11240033060312271,0.0,0.00921386294066906,0.02788529172539711,0.02110961079597473,0.09151947498321533,0.08140295743942261,0.46297985315322876,1.1249289512634277,0.21032418310642242,0.15875104069709778,0.21001338958740234,0.5936166048049927,4.429219722747803
129,0.10972219705581665,0.0,0.008906732313334942,0.026930995285511017,0.020396484062075615,0.08853786438703537,0.07869415730237961,0.4538758397102356,1.100525140762329,0.20327824354171753,0.15343499183654785,0.20297978818416595,0.5741106271743774,4.202216625213623
130,0.10712840408086777,0.0,0.008613558486104012,0.02602115459740162,0.01971615105867386,0.08568699657917023,0.07610698789358139,0.4446457326412201,1.0770907402038574,0.19655005633831024,0.14836004376411438,0.19626426696777344,0.5554639101028442,3.978184461593628
131,0.10461410135030746,0.0,0.008333548903465271,0.025153186172246933,0.01906672492623329,0.08295980840921402,0.07363466173410416,0.435314416885376,1.0545709133148193,0.19012196362018585,0.14351260662078857,0.18984906375408173,0.5376301407814026,3.7665302753448486
132,0.10217486321926117,0.0,0.008065963163971901,0.024324677884578705,0.01844644919037819,0.08034969121217728,0.07127085328102112,0.4259147644042969,1.0329155921936035,0.18397745490074158,0.13888001441955566,0.18371759355068207,0.5205657482147217,3.573941707611084
133,0.09980665892362595,0.0,0.007810109760612249,0.02353338524699211,0.017853686586022377,0.07785045355558395,0.06900965422391891,0.41648295521736145,1.0120786428451538,0.1781010627746582,0.13445040583610535,0.1778542399406433,0.5042300820350647,3.4043092727661133
134,0.09750594198703766,0.0,0.007565343752503395,0.022777216508984566,0.01728690415620804,0.07545626163482666,0.06684553623199463,0.40705445408821106,0.9920166730880737,0.17247828841209412,0.1302127093076706,0.17224450409412384,0.48858484625816345,3.259023666381836
135,0.0952700525522232,0.0,0.0073310621082782745,0.022054219618439674,0.01674467884004116,0.07316166162490845,0.0647733211517334,0.39766111969947815,0.9726899266242981,0.1670956313610077,0.12615656852722168,0.16687478125095367,0.47359398007392883,3.1374564170837402
136,0.09309764951467514,0.0,0.007106700912117958,0.02136257104575634,0.016225673258304596,0.07096152007579803,0.06278812885284424,0.38832899928092957,0.95406174659729,0.16194038093090057,0.12227226793766022,0.1617322564125061,0.45922374725341797,3.0375101566314697
137,0.09098594635725021,0.0,0.006891732569783926,0.020700568333268166,0.01572864130139351,0.06885102391242981,0.06088542193174362,0.3790767192840576,0.9360978007316589,0.1570005714893341,0.11855071783065796,0.15680500864982605,0.44544243812561035,2.956174373626709
138,0.08893264830112457,0.0,0.006685663014650345,0.02006661333143711,0.015252415090799332,0.06682563573122025,0.05906093865633011,0.36991381645202637,0.918766438961029,0.1522650569677353,0.11498340964317322,0.15208183228969574,0.4322202205657959,2.8900415897369385
139,0.08693578094244003,0.0,0.006488029379397631,0.01945921778678894,0.014795899391174316,0.0648810938000679,0.05731065943837166,0.3608396351337433,0.9020377397537231,0.14772330224514008,0.11156235635280609,0.14755214750766754,0.4195290207862854,2.83573317527771
140,0.08499360829591751,0.0,0.006298397202044725,0.01887698285281658,0.01435807254165411,0.06301337480545044,0.05563082545995712,0.3518420457839966,0.8858838081359863,0.1433655023574829,0.10828005522489548,0.14320611953735352,0.40734243392944336,2.790212392807007
141,0.08310451358556747,0.0,0.006116359028965235,0.018318599089980125,0.013937970623373985,0.06121872365474701,0.05401790142059326,0.34289777278900146,0.8702786564826965,0.13918232917785645,0.10512945055961609,0.1390344351530075,0.3956355154514313,2.7509608268737793
142,0.08126692473888397,0.0,0.005941532086580992,0.01778283901512623,0.013534692116081715,0.059493567794561386,0.05246855691075325,0.33397379517555237,0.8551977276802063,0.13516511023044586,0.10210394114255905,0.13502834737300873,0.3843849003314972,2.7160305976867676
143,0.07947930693626404,0.0,0.005773556884378195,0.017268549650907516,0.013147390447556973,0.05783456191420555,0.05097966641187668,0.32503071427345276,0.8406177759170532,0.13130560517311096,0.09919729828834534,0.13117966055870056,0.37356847524642944,2.684009552001953
144,0.07773883640766144,0.0,0.005612094886600971,0.016774646937847137,0.012775268405675888,0.056238532066345215,0.049548279494047165,0.3160278797149658,0.8265169262886047,0.12759611010551453,0.09640367329120636,0.1274806261062622,0.36316537857055664,2.6539275646209717
145,0.07604466378688812,0.0,0.00545682804659009,0.01630011387169361,0.012417578138411045,0.05470249801874161,0.048171620815992355,0.30692923069000244,0.812874436378479,0.12402931600809097,0.0937175527215004,0.12392395734786987,0.3531559705734253,2.6251492500305176
146,0.0743950828909874,0.0,0.005307456944137812,0.015843994915485382,0.01207361463457346,0.05322365090250969,0.04684706777334213,0.29770922660827637,0.7996707558631897,0.12059839069843292,0.09113375097513199,0.12050282210111618,0.3435216546058655,2.5972728729248047
147,0.07278813421726227,0.0,0.005163699388504028,0.015405390411615372,0.011742712929844856,0.05179931968450546,0.04557216167449951,0.28835710883140564,0.7868871688842773,0.11729685217142105,0.08864738047122955,0.11721072345972061,0.3342449367046356,2.570051908493042
148,0.07122265547513962,0.0,0.0050252890214324,0.01498345099389553,0.011424250900745392,0.05042699724435806,0.044344570487737656,0.2788795530796051,0.774506151676178,0.11411860585212708,0.0862538143992424,0.11404157429933548,0.32530927658081055,2.5433349609375
149,0.0696972906589508,0.0,0.004891974851489067,0.014577381312847137,0.011117637157440186,0.04910430312156677,0.04316209629178047,0.26930058002471924,0.7625107765197754,0.11105787754058838,0.08394870907068253,0.11098960041999817,0.31669899821281433,2.5170326232910156
150,0.06820914894342422,0.0,0.004763520322740078,0.014186426065862179,0.010822317562997341,0.04782899469137192,0.04202265664935112,0.25965964794158936,0.7508851289749146,0.1081092357635498,0.08172795176506042,0.10804937779903412,0.30839934945106506,2.491091728210449
151,0.0667564645409584,0.0,0.004639701917767525,0.013809877447783947,0.010537764988839626,0.046598948538303375,0.04092429205775261,0.25000736117362976,0.7396141290664673,0.10526753962039948,0.0795876532793045,0.10521578043699265,0.30039626359939575,2.4654831886291504
152,0.06534070521593094,0.0,0.004520308692008257,0.013447064906358719,0.010263487696647644,0.04541214182972908,0.03986514359712601,0.24040138721466064,0.7286834120750427,0.1025279238820076,0.07752416282892227,0.10248393565416336,0.29267656803131104,2.440192699432373
153,0.06396181136369705,0.0,0.004405139945447445,0.013097355142235756,0.009999014437198639,0.044266678392887115,0.03884345293045044,0.23090171813964844,0.718079149723053,0.09988578408956528,0.07553400099277496,0.09984925389289856,0.28522759675979614,2.4152164459228516
154,0.06261827051639557,0.0,0.004294007550925016,0.012760152108967304,0.009743904694914818,0.04316074401140213,0.03785756602883339,0.22156669199466705,0.707788348197937,0.0973367691040039,0.07361388951539993,0.09730738401412964,0.27803757786750793,2.390559434890747
155,0.06130880489945412,0.0,0.004186732694506645,0.012434890493750572,0.009497740305960178,0.04209262877702713,0.03690590336918831,0.21244972944259644,0.6977985501289368,0.09487676620483398,0.07176072895526886,0.09485422074794769,0.2710951864719391,2.36623215675354
156,0.06003228574991226,0.0,0.004083146341145039,0.01212103571742773,0.009260124526917934,0.041060712188482285,0.035986967384815216,0.20359735190868378,0.6880977749824524,0.09250187128782272,0.06997157633304596,0.09248587489128113,0.2643897235393524,2.342254400253296
157,0.05878772214055061,0.0,0.0039830878376960754,0.011818082071840763,0.00903068296611309,0.04006344825029373,0.035099346190690994,0.19504792988300323,0.6786746382713318,0.09020838141441345,0.06824364513158798,0.09019864350557327,0.2579110860824585,2.318652629852295
158,0.05757424235343933,0.0,0.0038864051457494497,0.011525551788508892,0.008809059858322144,0.039099372923374176,0.034241702407598495,0.18683120608329773,0.6695180535316467,0.08799278736114502,0.06657429784536362,0.08798903971910477,0.2516496181488037,2.295459508895874
159,0.056391071528196335,0.0,0.0037929543759673834,0.01124299131333828,0.008594918996095657,0.03816710412502289,0.03341275826096535,0.17896868288516998,0.6606177091598511,0.0858517661690712,0.0649610236287117,0.08585373312234879,0.24559620022773743,2.272706985473633
160,0.05523749440908432,0.0,0.003702598623931408,0.010969971306622028,0.008387940004467964,0.037265315651893616,0.032611310482025146,0.1714741438627243,0.6519631147384644,0.0837821513414383,0.06340144574642181,0.08378958702087402,0.23974213004112244,2.250422716140747
161,0.054112859070301056,0.0,0.003615208435803652,0.010706082917749882,0.008187821134924889,0.036392755806446075,0.03183620795607567,0.16435447335243225,0.6435443758964539,0.08178095519542694,0.061893314123153687,0.08179360628128052,0.23407916724681854,2.2286221981048584
162,0.05301656574010849,0.0,0.003530660644173622,0.010450940579175949,0.0079942736774683,0.03554823249578476,0.03108636848628521,0.1576107144355774,0.6353521943092346,0.07984533905982971,0.0604344867169857,0.07986295223236084,0.22859950363636017,2.2073068618774414
163,0.05194804072380066,0.0,0.003448838135227561,0.010204178281128407,0.0078070261515676975,0.03473060950636864,0.030360745266079903,0.15123900771141052,0.6273773312568665,0.07797259092330933,0.0590229257941246,0.0779949352145195,0.223295658826828,2.186462163925171
164,0.050906747579574585,0.0,0.003369629615917802,0.009965446777641773,0.007625819183886051,0.033938806504011154,0.029658356681466103,0.14523154497146606,0.6196109056472778,0.07616013288497925,0.057656701654195786,0.07618697732686996,0.21816053986549377,2.1660633087158203
165,0.049892134964466095,0.0,0.003292929381132126,0.009734413586556911,0.0074504055082798,0.033171799033880234,0.028978265821933746,0.13957737386226654,0.6120444536209106,0.07440551370382309,0.05633397772908211,0.07443664222955704,0.21318739652633667,2.14607572555542
166,0.04890367388725281,0.0,0.0032186368480324745,0.009510766714811325,0.0072805508971214294,0.03242860734462738,0.0283195823431015,0.13426320254802704,0.6046696901321411,0.07270641624927521,0.055052999407052994,0.07274163514375687,0.20836977660655975,2.1264641284942627
167,0.047940827906131744,0.0,0.003146656323224306,0.009294205345213413,0.007116032298654318,0.03170830011367798,0.02768145501613617,0.12927398085594177,0.5974789261817932,0.07106062024831772,0.05381210520863533,0.07109972834587097,0.20370157063007355,2.107192039489746
168,0.04700306057929993,0.0,0.0030768965370953083,0.009084446355700493,0.006956637836992741,0.031009985134005547,0.027063075453042984,0.12459342181682587,0.5904646515846252,0.0694660171866417,0.05260970816016197,0.06950882077217102,0.19917696714401245,2.0882298946380615
169,0.04608984291553497,0.0,0.003009270876646042,0.008881219662725925,0.006802164949476719,0.030332818627357483,0.026463672518730164,0.12020444869995117,0.5836197137832642,0.06792061030864716,0.051444295793771744,0.06796690821647644,0.19479036331176758,2.069552183151245
170,0.045200642198324203,0.0,0.0029436962213367224,0.008684265427291393,0.006652421317994595,0.029675990343093872,0.02588251233100891,0.11608962714672089,0.5769374966621399,0.0664224624633789,0.05031443014740944,0.06647208333015442,0.1905364692211151,2.051138162612915
171,0.04433491453528404,0.0,0.0028800941072404385,0.008493339642882347,0.006507223471999168,0.02903873287141323,0.025318894535303116,0.11223138868808746,0.5704114437103271,0.06496976315975189,0.04921874403953552,0.0650225356221199,0.18641023337841034,2.0329744815826416
172,0.04349210485816002,0.0,0.0028183890972286463,0.008308207616209984,0.006366396322846413,0.028420303016901016,0.024772146716713905,0.1086122989654541,0.5640354156494141,0.06356076896190643,0.048155929893255234,0.06361652910709381,0.18240679800510406,2.015052318572998
173,0.04267166182398796,0.0,0.0027585092466324568,0.008128647692501545,0.0062297736294567585,0.027820002287626266,0.02424163743853569,0.10521521419286728,0.5578036308288574,0.06219382584095001,0.04712473228573799,0.062252409756183624,0.17852157354354858,1.9973677396774292
174,0.0418730266392231,0.0,0.0027003863360732794,0.007954445667564869,0.006097196601331234,0.02723715826869011,0.023726753890514374,0.10202355682849884,0.5517104864120483,0.06086733564734459,0.046123966574668884,0.060928598046302795,0.17475014925003052,1.979924201965332
175,0.04109565541148186,0.0,0.0026439549401402473,0.007785399444401264,0.005968512501567602,0.02667113021016121,0.023226914927363396,0.0990212932229042,0.5457507371902466,0.059579797089099884,0.04515249654650688,0.059643588960170746,0.1710883229970932,1.9627324342727661
176,0.04033898934721947,0.0,0.0025891526602208614,0.007621315307915211,0.005843576975166798,0.02612130530178547,0.022741567343473434,0.09619317948818207,0.5399192571640015,0.0583297535777092,0.04420923441648483,0.05839593708515167,0.1675320863723755,1.945809245109558
177,0.03960246965289116,0.0,0.0025359196588397026,0.007462008390575647,0.00572225172072649,0.025587093085050583,0.02227017842233181,0.0935247465968132,0.5342110991477966,0.0571158267557621,0.04329313710331917,0.05718427151441574,0.16407756507396698,1.9291763305664062
178,0.03888554871082306,0.0,0.0024841988924890757,0.007307302672415972,0.005604404024779797,0.02506793662905693,0.021812239661812782,0.0910024344921112,0.5286214351654053,0.05593670532107353,0.042403221130371094,0.056007277220487595,0.160721093416214,1.912855863571167
179,0.0381876677274704,0.0,0.0024339358787983656,0.007157029118388891,0.005489908158779144,0.024563297629356384,0.02136727049946785,0.08861357718706131,0.5231454968452454,0.05479111894965172,0.0415385439991951,0.05486370250582695,0.15745915472507477,1.8968665599822998
180,0.03750822693109512,0.0,0.002385078463703394,0.007011026609688997,0.0053786421194672585,0.024072663858532906,0.020934799686074257,0.08634643256664276,0.5177788138389587,0.05367786064743996,0.04069818928837776,0.05375233665108681,0.1542883813381195,1.8812193870544434
181,0.03684667497873306,0.0,0.0023375768214464188,0.006869141012430191,0.005270490422844887,0.023595541715621948,0.020514387637376785,0.0841902568936348,0.5125166773796082,0.05259577929973602,0.03988129273056984,0.05267203599214554,0.15120555460453033,1.8659145832061768
182,0.03620247170329094,0.0,0.0022913829889148474,0.006731224711984396,0.005165343172848225,0.023131461814045906,0.02010560967028141,0.08213521540164948,0.5073546171188354,0.05154377222061157,0.039087023586034775,0.0516217015683651,0.14820758998394012,1.850942850112915
183,0.03557508438825607,0.0,0.0022464515641331673,0.006597137078642845,0.005063094198703766,0.022679971531033516,0.0197080560028553,0.08017239719629288,0.5022881627082825,0.05052077770233154,0.038314588367938995,0.05060027539730072,0.1452915519475937,1.8362849950790405
184,0.034963980317115784,0.0,0.002202738542109728,0.006466742604970932,0.004963641986250877,0.022240638732910156,0.01932133547961712,0.07829374819993973,0.497312992811203,0.04952578619122505,0.037563227117061615,0.04960675165057182,0.142454594373703,1.8219162225723267
185,0.03436863422393799,0.0,0.002160201780498028,0.006339912302792072,0.004866889212280512,0.02181304804980755,0.018945077434182167,0.07649210095405579,0.49242496490478516,0.048557817935943604,0.036832209676504135,0.04864015802741051,0.1396939903497696,1.8078091144561768
186,0.0337885245680809,0.0,0.0021188012324273586,0.006216522306203842,0.004772743675857782,0.021396802738308907,0.018578924238681793,0.07476102560758591,0.48761993646621704,0.04761595278978348,0.03612083941698074,0.047699570655822754,0.13700716197490692,1.793936848640442
187,0.033223144710063934,0.0,0.0020784984808415174,0.0060964543372392654,0.0046811155043542385,0.020991520956158638,0.01822252757847309,0.07309483736753464,0.48289409279823303,0.046699292957782745,0.03542844206094742,0.046784110367298126,0.13439159095287323,1.7802742719650269
188,0.03267199173569679,0.0,0.0020392562728375196,0.005979594308882952,0.004591919016093016,0.020596835762262344,0.017875563353300095,0.07148851454257965,0.47824379801750183,0.04580698534846306,0.034754376858472824,0.04589292034506798,0.1318448930978775,1.7668009996414185
189,0.03213457390666008,0.0,0.00200103921815753,0.005865833722054958,0.004505072720348835,0.02021239697933197,0.017537713050842285,0.06993762403726578,0.47366565465927124,0.044938214123249054,0.034098029136657715,0.045025184750556946,0.1293647736310959,1.7534998655319214
190,0.0316103994846344,0.0,0.0019638133235275745,0.005755068268626928,0.004420497454702854,0.019837867468595505,0.01720867119729519,0.06843829154968262,0.46915680170059204,0.04409218952059746,0.033458810299634933,0.04418012499809265,0.12694904208183289,1.7403579950332642
191,0.031099000945687294,0.0,0.0019275458762422204,0.005647196900099516,0.004338118247687817,0.019472923129796982,0.016888147220015526,0.06698708981275558,0.4647144675254822,0.04326815530657768,0.032836150377988815,0.04335698112845421,0.12459556013345718,1.7273650169372559
192,0.030599918216466904,0.0,0.0018922054441645741,0.005542124155908823,0.004257862456142902,0.01911725476384163,0.01657586358487606,0.06558104604482651,0.46033626794815063,0.04246538132429123,0.032229505479335785,0.042555034160614014,0.12230229377746582,1.7145143747329712
193,0.030112702399492264,0.0,0.0018577619921416044,0.005439757835119963,0.004179660230875015,0.01877056062221527,0.016271552070975304,0.06421752274036407,0.4560202360153198,0.04168317839503288,0.03163835033774376,0.04177359119057655,0.1200673058629036,1.7018011808395386
194,0.029636934399604797,0.0,0.0018241865327581763,0.005340008530765772,0.00410344498232007,0.018432553857564926,0.015974951907992363,0.06289423257112503,0.45176461338996887,0.04092087969183922,0.031062185764312744,0.0410119891166687,0.11788870394229889,1.6892213821411133
195,0.029172202572226524,0.0,0.0017914512427523732,0.005242791958153248,0.0040291533805429935,0.01810295879840851,0.01568582095205784,0.0616091713309288,0.44756779074668884,0.0401778407394886,0.03050052747130394,0.04026958346366882,0.11576469987630844,1.6767724752426147
196,0.02871811017394066,0.0,0.0017595294630154967,0.005148025695234537,0.003956723026931286,0.017781510949134827,0.01540391519665718,0.060360558331012726,0.44342857599258423,0.03945344686508179,0.029952913522720337,0.03954576328396797,0.11369355022907257,1.6644521951675415
197,0.028274275362491608,0.0,0.0017283953493461013,0.005055631510913372,0.003886094316840172,0.017467951402068138,0.01512900646775961,0.05914684012532234,0.4393455386161804,0.03874709829688072,0.02941889502108097,0.03883993625640869,0.11167357861995697,1.652259111404419
198,0.02784034237265587,0.0,0.0016980242216959596,0.004965533968061209,0.0038172104395926,0.017162038013339043,0.014860875904560089,0.05796663835644722,0.4353174567222595,0.03805822879076004,0.028898045420646667,0.038151536136865616,0.1097031980752945,1.6401921510696411
199,0.027415964752435684,0.0,0.0016683923313394189,0.004877660423517227,0.003750016912817955,0.01686353236436844,0.014599311165511608,0.05681875720620155,0.4313427209854126,0.03738628700375557,0.028389951214194298,0.03748001158237457,0.10778085142374039,1.6282516717910767
200,0.027000823989510536,0.0,0.0016394767444580793,0.004791940562427044,0.003684460651129484,0.01657220721244812,0.0143441092222929,0.05570211634039879,0.4274193346500397,0.036730747669935226,0.027894215658307076,0.036824848502874374,0.10590504854917526,1.6164387464523315
201,0.02659461833536625,0.0,0.0016112554585561156,0.004708307795226574,0.003620491363108158,0.016287842765450478,0.014095069840550423,0.05461578071117401,0.4235447347164154,0.03609110042452812,0.027410456910729408,0.036185525357723236,0.1040743738412857,1.604757308959961
202,0.026197059080004692,0.0,0.0015837072860449553,0.004626696929335594,0.0035580594558268785,0.0160102266818285,0.013852008618414402,0.053558897227048874,0.41971534490585327,0.03546685352921486,0.0269383043050766,0.035561561584472656,0.10228745639324188,1.5932135581970215
203,0.025807879865169525,0.0,0.0015568117378279567,0.004547046031802893,0.0034971183631569147,0.015739157795906067,0.013614741154015064,0.052530717104673386,0.41592660546302795,0.03485754132270813,0.026477407664060593,0.03495249152183533,0.10054295510053635,1.5818151235580444
204,0.025426732376217842,0.0,0.0015305491397157311,0.004469295032322407,0.0034376231487840414,0.015474437735974789,0.013383092358708382,0.051530562341213226,0.4121723473072052,0.034262701869010925,0.02602742612361908,0.034357860684394836,0.09883958846330643,1.5705703496932983
205,0.025053316727280617,0.0,0.0015049005160108209,0.004393386654555798,0.003379529807716608,0.015215878374874592,0.013156892731785774,0.050557807087898254,0.4084448218345642,0.03368190675973892,0.025588029995560646,0.03377723693847656,0.09717613458633423,1.5594874620437622
206,0.02468741498887539,0.0,0.0014798477059230208,0.004319264553487301,0.0033227961976081133,0.014963299036026001,0.012935980223119259,0.04961187392473221,0.4047345817089081,0.033114735037088394,0.025158902630209923,0.03321019560098648,0.09555139392614365,1.5485724210739136
207,0.024328822270035744,0.0,0.0014553728979080915,0.004246876109391451,0.0032673818059265614,0.014716521836817265,0.012720197439193726,0.04869222268462181,0.4010303020477295,0.03256077319383621,0.024739736691117287,0.03265633434057236,0.09396422654390335,1.5378267765045166
208,0.023977354168891907,0.0,0.001431459211744368,0.004176169168204069,0.003213247749954462,0.014475378207862377,0.012509393505752087,0.04779834300279617,0.3973190188407898,0.032019637525081635,0.02433023974299431,0.03211526200175285,0.092413529753685,1.527245283126831
209,0.023632837459445,0.0,0.0014080903492867947,0.004107094369828701,0.0031603563111275434,0.014239705167710781,0.012303422205150127,0.046929731965065,0.3935864567756653,0.03149094805121422,0.023930130526423454,0.03158660605549812,0.09089824557304382,1.5168124437332153
210,0.023295102640986443,0.0,0.001385250361636281,0.0040396032854914665,0.0031086711678653955,0.014009344391524792,0.012102142907679081,0.04608588665723801,0.38981735706329346,0.030974337831139565,0.02353913150727749,0.031070005148649216,0.08941733837127686,1.506499171257019
211,0.022964004427194595,0.0,0.0013629239983856678,0.003973649814724922,0.003058157628402114,0.013784144073724747,0.011905419640243053,0.045266292989254,0.38599616289138794,0.030469458550214767,0.02315698005259037,0.030565107241272926,0.0879698321223259,1.4962587356567383
212,0.022639399394392967,0.0,0.0013410967076197267,0.003909189719706774,0.0030087814666330814,0.013563956134021282,0.011713122017681599,0.04447044059634209,0.38210761547088623,0.029975971207022667,0.022783424705266953,0.030071575194597244,0.08655474334955215,1.4860230684280396
213,0.022321145981550217,0.0,0.0013197541702538729,0.0038461792282760143,0.0029605100862681866,0.013348639942705631,0.011525122448801994,0.0436977855861187,0.3781377375125885,0.029493549838662148,0.02241821400821209,0.029589083045721054,0.0851711705327034,1.4757059812545776
214,0.022009119391441345,0.0,0.0012988826492801309,0.003784577362239361,0.0029133122880011797,0.01313805766403675,0.011341297999024391,0.042947761714458466,0.37407422065734863,0.02902187779545784,0.022061115130782127,0.029117314144968987,0.0838182121515274,1.4652082920074463
215,0.021703196689486504,0.0,0.0012784688733518124,0.0037243436090648174,0.0028671573381870985,0.012932077050209045,0.011161533184349537,0.04221978038549423,0.3699073791503906,0.02856065146625042,0.021711895242333412,0.028655968606472015,0.08249501138925552,1.4544295072555542
216,0.021403253078460693,0.0,0.0012585001531988382,0.0036654393188655376,0.0028220161329954863,0.012730570510029793,0.010985713452100754,0.041513241827487946,0.36563047766685486,0.028109576553106308,0.021370336413383484,0.02820475399494171,0.0812007263302803,1.4432801008224487
217,0.021109171211719513,0.0,0.001238964032381773,0.0036078274715691805,0.002777860267087817,0.012533414177596569,0.010813727043569088,0.04082749783992767,0.36124011874198914,0.027668368071317673,0.021036222577095032,0.027763385325670242,0.07993456721305847,1.4316949844360352
218,0.02082083374261856,0.0,0.0012198486365377903,0.0035514715127646923,0.002734662499278784,0.012340487912297249,0.010645469650626183,0.04016187787055969,0.35673630237579346,0.027236754074692726,0.02070934697985649,0.02733158878982067,0.07869575172662735,1.419640064239502
219,0.02053811401128769,0.0,0.0012011424405500293,0.0034963367506861687,0.002692396054044366,0.012151677161455154,0.01048083696514368,0.039515700191259384,0.3521224558353424,0.02681446634232998,0.020389512181282043,0.026909101754426956,0.07748351991176605,1.4071154594421387
220,0.020260890945792198,0.0,0.0011828342685475945,0.0034423896577209234,0.002651035552844405,0.011966869235038757,0.010319730266928673,0.038888249546289444,0.34740519523620605,0.026401247829198837,0.02007652260363102,0.026495667174458504,0.07629715651273727,1.394152045249939
221,0.019989045336842537,0.0,0.0011649132939055562,0.0033895974047482014,0.0026105563156306744,0.011785957030951977,0.010162053629755974,0.038278818130493164,0.3425937294960022,0.025996852666139603,0.019770193845033646,0.026091039180755615,0.07513595372438431,1.3808033466339111
222,0.019722452387213707,0.0,0.0011473690392449498,0.0033379283268004656,0.002570934360846877,0.011608836241066456,0.010007713921368122,0.03768666833639145,0.3376995921134949,0.025601040571928024,0.019470343366265297,0.02569497749209404,0.07399924844503403,1.36713707447052
223,0.01946098916232586,0.0,0.0011301914928480983,0.003287352155894041,0.002532146405428648,0.011435404419898987,0.009856621734797955,0.0371110662817955,0.3327360153198242,0.025213580578565598,0.019176797941327095,0.025307253003120422,0.07288636267185211,1.3532249927520752
224,0.019204529002308846,0.0,0.0011133707594126463,0.0032378393225371838,0.0024941700976341963,0.01126556470990181,0.009708688594400883,0.03655128553509712,0.3277173936367035,0.024834245443344116,0.01888938806951046,0.024927640333771706,0.07179667800664902,1.3391368389129639
225,0.018952948972582817,0.0,0.0010968975257128477,0.0031893616542220116,0.002456983784213662,0.011099223047494888,0.00956383254379034,0.03600660711526871,0.32265856862068176,0.02446281909942627,0.01860795170068741,0.02455592341721058,0.070729561150074,1.324934482574463
226,0.018706122413277626,0.0,0.0010807625949382782,0.003141891211271286,0.0024205667432397604,0.010936286300420761,0.009421970695257187,0.035476308315992355,0.3175744414329529,0.024099094793200493,0.018332328647375107,0.024191895499825478,0.06968443095684052,1.3106685876846313
227,0.01846393011510372,0.0,0.001064957119524479,0.003095401218160987,0.0023848984856158495,0.01077666599303484,0.009283025749027729,0.03495970740914345,0.3124796450138092,0.02374286763370037,0.018062368035316467,0.023835351690649986,0.06866069883108139,1.296379804611206
228,0.01822625659406185,0.0,0.0010494726011529565,0.0030498660635203123,0.0023499594535678625,0.01062027644366026,0.0091469194740057,0.034456126391887665,0.3073880672454834,0.023393938317894936,0.017797918990254402,0.023486096411943436,0.06765782088041306,1.2820980548858643
229,0.017992986366152763,0.0,0.0010343005415052176,0.0030052608344703913,0.00231573055498302,0.01046703476458788,0.009013579227030277,0.03396492078900337,0.3023127019405365,0.023052120581269264,0.01753883995115757,0.023143941536545753,0.06667524576187134,1.2678455114364624
230,0.017764003947377205,0.0,0.0010194330243393779,0.00296156108379364,0.0022821936290711164,0.010316859930753708,0.008882934227585793,0.03348547965288162,0.29726529121398926,0.022717224434018135,0.017284993082284927,0.022808700799942017,0.06571245193481445,1.2536367177963257
231,0.01753919944167137,0.0,0.0010048621334135532,0.002918743761256337,0.0022493305150419474,0.010169672779738903,0.008754912763834,0.03301720693707466,0.29225635528564453,0.02238907478749752,0.01703624427318573,0.022480199113488197,0.06476893275976181,1.2394819259643555
232,0.017318468540906906,0.0,0.0009905804181471467,0.002876785583794117,0.002217124216258526,0.010025398805737495,0.00862945057451725,0.03255956247448921,0.2872951030731201,0.022067498415708542,0.016792459413409233,0.02215825952589512,0.06384420394897461,1.2253868579864502
233,0.017101701349020004,0.0,0.000976580660790205,0.0028356648981571198,0.002185557968914509,0.00988396443426609,0.008506478741765022,0.032112013548612595,0.28238946199417114,0.02175232768058777,0.016553515568375587,0.02184271812438965,0.06293778121471405,1.2113556861877441
234,0.01688879355788231,0.0,0.000962855585385114,0.002795360516756773,0.002154615707695484,0.009745297953486443,0.008385937660932541,0.03167407214641571,0.27754613757133484,0.021443400532007217,0.016319287940859795,0.021533409133553505,0.062049198895692825,1.1973901987075806
235,0.016679655760526657,0.0,0.0009493983816355467,0.002755851484835148,0.0021242813672870398,0.00960933044552803,0.008267765864729881,0.031245285645127296,0.27277064323425293,0.021140558645129204,0.016089659184217453,0.0212301816791296,0.061178021132946014,1.183491826057434
236,0.016474202275276184,0.0,0.0009362024138681591,0.00271711777895689,0.002094539813697338,0.009475995786488056,0.008151901885867119,0.030825236812233925,0.2680673897266388,0.02084365114569664,0.01586451381444931,0.02093287743628025,0.0603238083422184,1.169661045074463
237,0.016270948573946953,0.0,0.0009232611628249288,0.00267914030700922,0.002065376378595829,0.009345227852463722,0.008038290776312351,0.030413538217544556,0.26343977451324463,0.02055252529680729,0.015643741935491562,0.020641352981328964,0.05948613956570625,1.155897617340088
238,0.0160698089748621,0.0,0.0009105684002861381,0.0026418999768793583,0.002036776626482606,0.00921696424484253,0.007926875725388527,0.030009828507900238,0.25889042019844055,0.02026704140007496,0.015427232719957829,0.0203554630279541,0.05866461247205734,1.142201542854309
239,0.015870777890086174,0.0,0.0008981179562397301,0.0026053786277770996,0.0020087265875190496,0.009091143496334553,0.007817601785063744,0.02961377613246441,0.25442108511924744,0.019987059757113457,0.015214881859719753,0.02007506974041462,0.057858824729919434,1.1285712718963623
240,0.015672091394662857,0.0,0.0008859040099196136,0.0025695583317428827,0.001981212990358472,0.008967706933617592,0.007710417732596397,0.029225077480077744,0.25003287196159363,0.01971244625747204,0.015006586909294128,0.019800037145614624,0.057068388909101486,1.1150023937225342
241,0.015474548563361168,0.0,0.0008739207987673581,0.0025344223249703646,0.0019542225636541843,0.00884659681469202,0.007605272810906172,0.028843456879258156,0.24572643637657166,0.01944306492805481,0.014802251011133194,0.01953023672103882,0.05629293620586395,1.1014814376831055
242,0.015280196443200111,0.0,0.0008621627348475158,0.0024999533779919147,0.0019277428509667516,0.008727757260203362,0.00750211626291275,0.028468655422329903,0.24150191247463226,0.01917879283428192,0.01460177730768919,0.019265539944171906,0.055532101541757584,1.0879735946655273
243,0.015089117921888828,0.0,0.0008506244630552828,0.002466135658323765,0.001901761395856738,0.008611133322119713,0.007400900591164827,0.02810043655335903,0.23735906183719635,0.018919507041573524,0.014405072666704655,0.019005822017788887,0.05478553846478462,1.0744012594223022
244,0.014901329763233662,0.0,0.0008393007447011769,0.0024329533334821463,0.0018762662075459957,0.008496672846376896,0.007301580160856247,0.02773858793079853,0.23329731822013855,0.01866508461534977,0.01421204674988985,0.01875096745789051,0.05405290797352791,1.0606180429458618
245,0.014716830104589462,0.0,0.0008281864575110376,0.0024003915023058653,0.0018512456445023417,0.008384323678910732,0.007204108871519566,0.02738291211426258,0.229315847158432,0.018415411934256554,0.014022612012922764,0.018500857055187225,0.05333387106657028,1.0463820695877075
246,0.0145356310531497,0.0,0.0008172767120413482,0.0023684350308030844,0.0018266885308548808,0.008274037390947342,0.007108443416655064,0.02703322283923626,0.22541365027427673,0.018170373514294624,0.01383668277412653,0.018255380913615227,0.052628111094236374,1.0313441753387451
247,0.014357713982462883,0.0,0.000806566677056253,0.002337069483473897,0.0018025839235633612,0.008165765553712845,0.0070145404897630215,0.026689350605010986,0.2215895652770996,0.017929861322045326,0.013654176145792007,0.01801442727446556,0.05193531513214111,1.015058994293213
248,0.014183051884174347,0.0,0.0007960516377352178,0.002306281356140971,0.0017789211124181747,0.00805946160107851,0.006922359112650156,0.026351138949394226,0.21784232556819916,0.017693769186735153,0.01347501203417778,0.017777888104319572,0.051255177706480026,0.9970319867134094
249,0.01401161216199398,0.0,0.0007857271120883524,0.0022760566789656878,0.0017556898528710008,0.007955078966915607,0.006831859238445759,0.02601844258606434,0.21417056024074554,0.01746199280023575,0.01329911220818758,0.0175456665456295,0.05058740824460983,0.976793110370636
250,0.013843351975083351,0.0,0.0007755886763334274,0.0022463826462626457,0.0017328799003735185,0.00785257387906313,0.006743001285940409,0.025691121816635132,0.21057283878326416,0.017234429717063904,0.013126402162015438,0.017317654564976692,0.04993171617388725,0.9539818167686462
251,0.013678216375410557,0.0,0.0007656320813111961,0.002217245986685157,0.0017104815924540162,0.007751903031021357,0.006655747536569834,0.025369049981236458,0.2070477157831192,0.01701098494231701,0.01295680645853281,0.017093759030103683,0.0492878183722496,0.9284197092056274
252,0.013516138307750225,0.0,0.0007558530778624117,0.002188634593039751,0.001688485499471426,0.007653024513274431,0.006570061203092337,0.025052107870578766,0.20359373092651367,0.016791563481092453,0.012790254317224026,0.016873883083462715,0.04865545406937599,0.9001503586769104
253,0.013357037678360939,0.0,0.0007462476496584713,0.0021605361253023148,0.0016668824246153235,0.007555897813290358,0.006485905963927507,0.024740178138017654,0.200209379196167,0.016576070338487625,0.012626675888895988,0.016657937318086624,0.04803435504436493,0.8694376349449158
254,0.013200823217630386,0.0,0.0007368118967860937,0.002132939174771309,0.0016456634039059281,0.007460483815521002,0.006403247360140085,0.024433152750134468,0.19689317047595978,0.01636441797018051,0.012466003187000751,0.016445832327008247,0.04742426425218582,0.8367269039154053
255,0.013047398999333382,0.0,0.0007275419775396585,0.0021058320999145508,0.0016248197061941028,0.007366742938756943,0.006322051864117384,0.02413093112409115,0.19364364445209503,0.016156518831849098,0.012308170087635517,0.016237476840615273,0.04682493209838867,0.8025830984115601
256,0.012896659784018993,0.0,0.0007184342248365283,0.002079203724861145,0.001604342833161354,0.007274638395756483,0.006242285016924143,0.023833412677049637,0.19045932590961456,0.01595228724181652,0.012153113260865211,0.016032788902521133,0.04623612388968468,0.7676214575767517
257,0.012748532928526402,0.0,0.0007094849715940654,0.002053043572232127,0.0015842245193198323,0.007184133864939213,0.006163915619254112,0.023540500551462173,0.18733881413936615,0.015751641243696213,0.01200076937675476,0.015831686556339264,0.04565759748220444,0.7324466705322266
258,0.012602897360920906,0.0,0.0007006906671449542,0.0020273406989872456,0.0015644568484276533,0.007095193490386009,0.00608691293746233,0.023252107203006744,0.18428070843219757,0.015554501675069332,0.01185107883065939,0.015634089708328247,0.045089125633239746,0.6976067423820496
259,0.0124596506357193,0.0,0.0006920479354448617,0.0020020853262394667,0.0015450320206582546,0.0070077828131616116,0.006011245772242546,0.022968145087361336,0.1812836229801178,0.015360789373517036,0.011703982949256897,0.01543991919606924,0.044530484825372696,0.6635646820068359
260,0.012318695895373821,0.0,0.0006835534004494548,0.0019772672094404697,0.0015259423526003957,0.006921868305653334,0.005936884321272373,0.022688526660203934,0.17834624648094177,0.015170427039265633,0.011559423059225082,0.0152490995824337,0.04398145526647568,0.6306866407394409
261,0.01217995211482048,0.0,0.0006752038025297225,0.0019528769189491868,0.0015071805100888014,0.006837417371571064,0.005863800644874573,0.02241317369043827,0.17546723783016205,0.0149833420291543,0.011417344212532043,0.015061558224260807,0.043441832065582275,0.5992417931556702
262,0.01204333733767271,0.0,0.0006669960566796362,0.0019289047922939062,0.0014887392753735185,0.006754397880285978,0.005791966803371906,0.02214200422167778,0.17264540493488312,0.014799460768699646,0.011277691461145878,0.014877221547067165,0.04291140288114548,0.5694108009338379
263,0.01190878450870514,0.0,0.0006589270196855068,0.0019053417490795255,0.0014706116635352373,0.006672779563814402,0.005721355322748423,0.021874941885471344,0.1698794811964035,0.014618715271353722,0.011140412651002407,0.01469601970165968,0.04238997399806976,0.5412982106208801
264,0.011776232160627842,0.0,0.0006509937229566276,0.0018821789417415857,0.0014527908060699701,0.006592531222850084,0.005651939660310745,0.021611912176012993,0.16716837882995605,0.01444103755056858,0.011005456559360027,0.014517885632812977,0.04187735170125961,0.5149466395378113
265,0.011645624414086342,0.0,0.0006431932561099529,0.00185940763913095,0.0014352701837196946,0.006513624452054501,0.005583694204688072,0.021352842450141907,0.16451099514961243,0.014266359619796276,0.010872771963477135,0.014342752285301685,0.04137333855032921,0.4903503656387329
266,0.011516929604113102,0.0,0.000635522766970098,0.0018370194593444467,0.0014180432772263885,0.006436030380427837,0.005516592878848314,0.021097661927342415,0.16190628707408905,0.01409461721777916,0.01074231043457985,0.014170555397868156,0.04087775573134422,0.4674680233001709
267,0.011390096507966518,0.0,0.000627979461569339,0.0018150060204789042,0.001401103800162673,0.006359721068292856,0.005450611934065819,0.020846299827098846,0.1593533158302307,0.013925747014582157,0.010614024475216866,0.014001231640577316,0.04039042070508003,0.4462329149246216
268,0.011265083216130733,0.0,0.0006205607205629349,0.0017933595227077603,0.0013844455825164914,0.006284669041633606,0.005385727621614933,0.02059868723154068,0.15685121715068817,0.013759689405560493,0.010487867519259453,0.013834720477461815,0.03991115838289261,0.42656150460243225
269,0.011141856200993061,0.0,0.0006132638081908226,0.0017720720497891307,0.0013680626871064305,0.00621084775775671,0.005321916192770004,0.020354757085442543,0.15439914166927338,0.013596382923424244,0.010363795794546604,0.013670962303876877,0.03943979740142822,0.4083603322505951
270,0.011020384728908539,0.0,0.0006060862797312438,0.001751135801896453,0.0013519494095817208,0.006138232070952654,0.0052591548301279545,0.020114446058869362,0.151996448636055,0.013435768894851208,0.010241763666272163,0.013509898446500301,0.03897617757320404,0.3915310502052307
271,0.010900642722845078,0.0,0.0005990255740471184,0.0017305435612797737,0.0013361000455915928,0.006066796835511923,0.005197422578930855,0.019877692684531212,0.1496424823999405,0.013277792371809483,0.010121729224920273,0.013351473025977612,0.03852013126015663,0.37597405910491943
272,0.010782607831060886,0.0,0.0005920793046243489,0.0017102881101891398,0.0013205088907852769,0.00599651737138629,0.0051366970874369144,0.01964443176984787,0.14733673632144928,0.013122397474944592,0.0100036496296525,0.01319563016295433,0.03807149827480316,0.36159151792526245
273,0.01066625490784645,0.0,0.0005852450267411768,0.0016903624637052417,0.0013051708228886127,0.0059273699298501015,0.005076956935226917,0.01941460371017456,0.14507877826690674,0.012969530187547207,0.009887485764920712,0.013042316772043705,0.03763012960553169,0.3482888638973236
274,0.010551566258072853,0.0,0.0005785204702988267,0.0016707596369087696,0.0012900806032121181,0.005859330762177706,0.005018182564526796,0.019188150763511658,0.1428682953119278,0.012819137424230576,0.009773196652531624,0.012891480699181557,0.03719587251543999,0.33597618341445923
275,0.010438518598675728,0.0,0.0005719034234061837,0.0016514731105417013,0.001275232876650989,0.005792377516627312,0.00496035348623991,0.018965011462569237,0.14070509374141693,0.012671169824898243,0.009660744108259678,0.012743068858981133,0.036768581718206406,0.32456889748573303
276,0.010327091440558434,0.0,0.0005653916741721332,0.0016324962489306927,0.0012606227537617087,0.0057264878414571285,0.004903450608253479,0.01874512992799282,0.138589009642601,0.012525576166808605,0.009550090879201889,0.012597032822668552,0.03634811192750931,0.31398823857307434
277,0.010217263363301754,0.0,0.0005589830689132214,0.0016138226492330432,0.0012462454615160823,0.00566164031624794,0.004847455304116011,0.018528450280427933,0.13652002811431885,0.012382308021187782,0.009441199712455273,0.012453324161469936,0.03593432530760765,0.3041612207889557
278,0.010109012946486473,0.0,0.0005526755121536553,0.001595446141436696,0.001232096110470593,0.0055978139862418175,0.0047923484817147255,0.018314918503165245,0.13449816405773163,0.012241317890584469,0.009334034286439419,0.012311895377933979,0.03552708774805069,0.29502055048942566
279,0.0100023178383708,0.0,0.000546466966625303,0.001577360788360238,0.0012181702768430114,0.005534988362342119,0.004738112445920706,0.01810447871685028,0.1325235366821289,0.012102559208869934,0.009228561073541641,0.012172700837254524,0.03512626886367798,0.2865045666694641
280,0.009897155687212944,0.0,0.0005403554532676935,0.0015595605364069343,0.0012044633040204644,0.005473142955452204,0.004684729501605034,0.01789708063006401,0.13059626519680023,0.011965987272560596,0.009124744683504105,0.012035694904625416,0.03473173454403877,0.27855685353279114
281,0.00979350320994854,0.0,0.0005343390512280166,0.001542039797641337,0.0011909708846360445,0.005412258207798004,0.004632182419300079,0.017692672088742256,0.1287165731191635,0.011831558309495449,0.009022552520036697,0.011900832876563072,0.03434336185455322,0.2711260914802551
282,0.009691343642771244,0.0,0.0005284158396534622,0.0015247928677126765,0.0011776888277381659,0.005352315492928028,0.004580455366522074,0.01749120093882084,0.12688469886779785,0.011699228547513485,0.008921951986849308,0.011768071912229061,0.03396102786064148,0.26416558027267456
283,0.009590654633939266,0.0,0.0005225840141065419,0.0015078142751008272,0.001164612709544599,0.005293296184390783,0.004529531113803387,0.01729261875152588,0.12510085105895996,0.011568957008421421,0.0088229114189744,0.0116373710334301,0.03358461335301399,0.2576329708099365
284,0.009491409175097942,0.0,0.0005168417119421065,0.001491098664700985,0.0011517384555190802,0.005235182121396065,0.00447939382866025,0.017096877098083496,0.12336526066064835,0.011440702714025974,0.00872540008276701,0.011508689261972904,0.03321399912238121,0.2514899671077728
285,0.009393583051860332,0.0,0.0005111872451379895,0.0014746409142389894,0.001139062107540667,0.005177955608814955,0.004430027678608894,0.01690393127501011,0.12167809903621674,0.011314424686133862,0.008629386313259602,0.011381986550986767,0.03284907341003418,0.24570190906524658
286,0.009297151118516922,0.0,0.0005056188674643636,0.00145843590144068,0.0011265799403190613,0.005121598951518536,0.004381418693810701,0.01671372912824154,0.12003948539495468,0.011190085671842098,0.008534842170774937,0.011257224716246128,0.03248972445726395,0.24023748934268951
287,0.009202089160680771,0.0,0.0005001348908990622,0.0014424787368625402,0.0011142881121486425,0.005066095385700464,0.004333551041781902,0.016526227816939354,0.11844949424266815,0.011067645624279976,0.008441739715635777,0.011134364642202854,0.03213584050536156,0.23506851494312286
288,0.009108374826610088,0.0,0.0004947336856275797,0.0014267644146457314,0.0011021828977391124,0.005011428613215685,0.004286409821361303,0.016341380774974823,0.11690806597471237,0.010947069153189659,0.008350049145519733,0.011013370007276535,0.031787317246198654,0.23016957938671112
289,0.00901598297059536,0.0,0.0004894136218354106,0.0014112883945927024,0.0010902605718001723,0.004957582335919142,0.004239982459694147,0.016159145161509514,0.11541508138179779,0.010828319936990738,0.008259744383394718,0.01089420448988676,0.03144405037164688,0.22551783919334412
290,0.008924889378249645,0.0,0.0004841731861233711,0.0013960459036752582,0.0010785176418721676,0.004904540721327066,0.00419425405561924,0.015979474410414696,0.11397027224302292,0.010711362585425377,0.008170797489583492,0.01077683363109827,0.03110594116151333,0.22109271585941315
291,0.00883507076650858,0.0,0.00047901083598844707,0.0013810325181111693,0.0010669506154954433,0.004852288868278265,0.004149211570620537,0.015802329406142235,0.11257325857877731,0.01059616170823574,0.008083183318376541,0.010661221109330654,0.030772889032959938,0.216875821352005
292,0.008746503852307796,0.0,0.0004739251162391156,0.0013662438141182065,0.0010555562330409884,0.004800811409950256,0.004104841500520706,0.0156276673078537,0.111223503947258,0.010482684709131718,0.007996875792741776,0.0105473343282938,0.03044479712843895,0.21285051107406616
293,0.008659163489937782,0.0,0.0004689145425800234,0.001351675484329462,0.0010443312348797917,0.004750093910843134,0.004061131738126278,0.015455448068678379,0.10992033034563065,0.010370897129178047,0.007911850698292255,0.010435139760375023,0.030121570453047752,0.20900194346904755
294,0.008573027327656746,0.0,0.0004639776889234781,0.0013373233377933502,0.0010332722449675202,0.004700121469795704,0.004018069244921207,0.015285631641745567,0.108662910759449,0.010260768234729767,0.007828082889318466,0.010324605740606785,0.029803115874528885,0.20531675219535828
295,0.008488070219755173,0.0,0.0004591131873894483,0.0013231834163889289,0.0010223762365058064,0.004650880582630634,0.003975641448050737,0.01511817891150713,0.10745026171207428,0.010152265429496765,0.0077455490827560425,0.01021570060402155,0.029489345848560333,0.2017829567193985
296,0.008404268883168697,0.0,0.0004543196700979024,0.0013092515291646123,0.0010116401826962829,0.004602357279509306,0.003933836705982685,0.014953049831092358,0.10628125816583633,0.010045358911156654,0.007664225995540619,0.010108394548296928,0.029180170968174934,0.19838979840278625
297,0.00832159910351038,0.0,0.00044959582737646997,0.0012955237179994583,0.0010010609403252602,0.004554538521915674,0.0038926436100155115,0.014790208078920841,0.10515465587377548,0.009940018877387047,0.007584090810269117,0.01000265683978796,0.028875507414340973,0.19512762129306793
298,0.008240037597715855,0.0,0.0004449403495527804,0.0012819962576031685,0.0009906357154250145,0.0045074112713336945,0.003852050518617034,0.014629615470767021,0.10406902432441711,0.009836215525865555,0.007505121175199747,0.009898458607494831,0.028575267642736435,0.1919877529144287
299,0.008159560151398182,0.0,0.00044035198516212404,0.0012686653062701225,0.0009803615976125002,0.004460962489247322,0.0038120460230857134,0.014471235685050488,0.10302286595106125,0.009733919985592365,0.007427295669913292,0.009795770049095154,0.028279369696974754,0.18896235525608063
300,0.00808014441281557,0.0,0.0004358294827397913,0.0012555274879559875,0.0009702356765046716,0.0044151796028018,0.0037726194132119417,0.014315031468868256,0.10201454907655716,0.009633105248212814,0.007350593339651823,0.009694564156234264,0.027987735345959663,0.1860443651676178
301,0.008001766167581081,0.0,0.00043137164902873337,0.001242578960955143,0.0009602553327567875,0.0043700505048036575,0.0037337602116167545,0.01416096929460764,0.10104238986968994,0.009533742442727089,0.007274992763996124,0.009594813920557499,0.027700288221240044,0.18322741985321045
302,0.007924403995275497,0.0,0.0004269772907719016,0.0012298163492232561,0.0009504178888164461,0.004325563553720713,0.0036954579409211874,0.014009015634655952,0.10010461509227753,0.0094358054921031,0.007200474850833416,0.009496491402387619,0.027416948229074478,0.18050575256347656
303,0.007848035544157028,0.0,0.0004226452438160777,0.001217236160300672,0.0009407206671312451,0.004281706642359495,0.003657702123746276,0.01385913509875536,0.09919939935207367,0.009339268319308758,0.007127018645405769,0.009399570524692535,0.02713763900101185,0.17787407338619232
304,0.00777263892814517,0.0,0.0004183744022157043,0.0012048351345583797,0.0009311612229794264,0.00423846859484911,0.003620482748374343,0.01371129509061575,0.09832489490509033,0.009244104847311974,0.007054605521261692,0.009304027073085308,0.026862287893891335,0.1753276139497757
305,0.007698193192481995,0.0,0.00041416363092139363,0.0011926100123673677,0.0009217369370162487,0.004195838235318661,0.0035837902687489986,0.013565462082624435,0.09747924655675888,0.009150290861725807,0.006983215920627117,0.009209834970533848,0.026590825989842415,0.17286191880702972
306,0.007624678313732147,0.0,0.00041001185309141874,0.0011805575340986252,0.0009124454809352756,0.004153804387897253,0.0035476151388138533,0.013421604409813881,0.09666060656309128,0.009057801216840744,0.006912832148373127,0.009116970002651215,0.02632318250834942,0.1704728901386261
307,0.007552074734121561,0.0,0.00040591805009171367,0.0011686745565384626,0.0009032843518070877,0.004112356808036566,0.0035119482781738043,0.013279690407216549,0.09586716443300247,0.008966613560914993,0.006843435578048229,0.009025408886373043,0.026059286668896675,0.16815677285194397
308,0.007480361498892307,0.0,0.0004018811450805515,0.0011569581693038344,0.0008942512795329094,0.004071485251188278,0.0034767803736031055,0.013139690272510052,0.09509715437889099,0.008876703679561615,0.006775008048862219,0.008935127407312393,0.02579907327890396,0.16590996086597443
309,0.0074095213785767555,0.0,0.00039790014852769673,0.0011454052291810513,0.0008853439358063042,0.004031178541481495,0.0034421023447066545,0.013001572340726852,0.09434885531663895,0.008788048289716244,0.00670753326267004,0.008846103213727474,0.025542475283145905,0.16372914612293243
310,0.007339535281062126,0.0,0.0003939740709029138,0.0011340129422023892,0.0008765601087361574,0.00399142736569047,0.003407905576750636,0.012865307740867138,0.09362062811851501,0.008700625039637089,0.006640993524342775,0.00875831302255392,0.02528943121433258,0.1616111695766449
311,0.007270385976880789,0.0,0.0003901019226759672,0.0011227783979848027,0.0008678975282236934,0.003952221944928169,0.0033741816878318787,0.01273086667060852,0.09291090816259384,0.00861441157758236,0.006575372535735369,0.008671735413372517,0.025039874017238617,0.15955303609371185
312,0.007202055770903826,0.0,0.00038628277252428234,0.0011116989189758897,0.0008593541570007801,0.00391355250030756,0.0033409222960472107,0.012598220258951187,0.09221825748682022,0.008529387414455414,0.006510654464364052,0.00858634989708662,0.02479374408721924,0.1575518399477005
313,0.007134528830647469,0.0,0.00038251568912528455,0.0011007715947926044,0.0008509278995916247,0.0038754097186028957,0.003308118786662817,0.0124673405662179,0.09154129028320312,0.008445531129837036,0.0064468225464224815,0.008502134121954441,0.02455098181962967,0.15560480952262878
314,0.007067787926644087,0.0,0.0003787997702602297,0.0010899938642978668,0.0008426166605204344,0.0038377842865884304,0.003275763476267457,0.012338198721408844,0.09087873995304108,0.00836282130330801,0.006383861880749464,0.008419068530201912,0.024311529472470284,0.15370935201644897
315,0.007001817692071199,0.0,0.00037513411371037364,0.0010793630499392748,0.0008344184025190771,0.0038006675895303488,0.0032438484486192465,0.012210768647491932,0.09022942930459976,0.008281239308416843,0.006321757100522518,0.008337132632732391,0.024075327441096306,0.15186287462711334
316,0.0069366032257676125,0.0,0.00037151784636080265,0.0010688765905797482,0.0008263312047347426,0.0037640505470335484,0.0032123662531375885,0.012085025198757648,0.08959230035543442,0.00820076558738947,0.00626049330458045,0.008256307803094387,0.02384231984615326,0.1500629186630249
317,0.006872129626572132,0.0,0.0003679501242004335,0.0010585319250822067,0.0008183530881069601,0.003727924544364214,0.003181309439241886,0.011960940435528755,0.08896638453006744,0.008121379651129246,0.0062000565230846405,0.008176573552191257,0.023612448945641518,0.14830711483955383
318,0.006808381527662277,0.0,0.0003644301032181829,0.001048326725140214,0.000810482248198241,0.0036922814324498177,0.0031506705563515425,0.011838488280773163,0.0883507952094078,0.008043063804507256,0.006140431389212608,0.008097910322248936,0.02338566444814205,0.1465931534767151
319,0.006745345424860716,0.0,0.0003609569976106286,0.0010382585460320115,0.0008027168223634362,0.0036571125965565443,0.0031204423867166042,0.011717642657458782,0.08774475753307343,0.007965799421072006,0.006081604864448309,0.008020301349461079,0.023161914199590683,0.1449187844991684
320,0.006683007348328829,0.0,0.00035752999247051775,0.001028324943035841,0.0007950550061650574,0.0036224103532731533,0.003090617712587118,0.011598381213843822,0.08714757114648819,0.007889567874372005,0.006023562978953123,0.007943728007376194,0.022941144183278084,0.1432819664478302
321,0.006621353328227997,0.0,0.00035414830199442804,0.0010185238206759095,0.0007874950533732772,0.0035881665535271168,0.0030611897818744183,0.011480677872896194,0.08655861020088196,0.007814351469278336,0.0059662917628884315,0.007868172600865364,0.022723302245140076,0.14168064296245575
322,0.006560371723026037,0.0,0.0003508111694827676,0.0010088527342304587,0.0007800352177582681,0.0035543732810765505,0.0030321518424898386,0.011364508420228958,0.08597732335329056,0.007740133907645941,0.005909779109060764,0.007793617434799671,0.02250833995640278,0.14011289179325104
323,0.006500047631561756,0.0,0.0003475178382359445,0.0009993095882236958,0.0007726737530902028,0.003521023318171501,0.003003497375175357,0.011249849572777748,0.08540323376655579,0.007666897494345903,0.0058540115132927895,0.0077200462110340595,0.022296208888292313,0.138576939702034
324,0.006440369877964258,0.0,0.00034426755155436695,0.0009898921707645059,0.0007654089713469148,0.0034881089814007282,0.0029752198606729507,0.011136678047478199,0.08483592420816422,0.007594625931233168,0.005798976868391037,0.007647442165762186,0.022086862474679947,0.13707104325294495
325,0.006381325423717499,0.0,0.00034105961094610393,0.0009805982699617743,0.0007582393009215593,0.003455623285844922,0.002947312779724598,0.01102497149258852,0.0842750146985054,0.0075233024545013905,0.005744662135839462,0.007575788535177708,0.0218802522867918,0.13559360802173615
326,0.006322902627289295,0.0,0.0003378933179192245,0.0009714259649626911,0.0007511632284149528,0.0034235587809234858,0.0029197700787335634,0.01091470755636692,0.08372017741203308,0.007452911697328091,0.00569105613976717,0.007505069952458143,0.021676331758499146,0.13414308428764343
327,0.00626508891582489,0.0,0.0003347679739817977,0.0009623731020838022,0.0007441791240125895,0.0033919084817171097,0.002892585936933756,0.01080586388707161,0.08317114412784576,0.0073834378272295,0.005638146307319403,0.007435270585119724,0.021475058048963547,0.1327180713415146
328,0.0062078735791146755,0.0,0.00033168288064189255,0.0009534377604722977,0.0007372854161076248,0.003360665636137128,0.0028657540678977966,0.010698419064283371,0.08262765407562256,0.007314865477383137,0.005585921928286552,0.007366375532001257,0.021276386454701424,0.13131730258464813
329,0.006151244975626469,0.0,0.000328637397615239,0.0009446180192753673,0.0007304806495085359,0.0033298234920948744,0.0028392686508595943,0.010592350736260414,0.08208949118852615,0.007247180212289095,0.005534370895475149,0.00729836942628026,0.021080274134874344,0.12993958592414856
330,0.006095193792134523,0.0,0.00032563088461756706,0.0009359118994325399,0.000723763310816139,0.003299375530332327,0.0028131240978837013,0.010487640276551247,0.08155648410320282,0.007180366665124893,0.005483482498675585,0.00723123736679554,0.020886678248643875,0.12858377397060394
331,0.006039709784090519,0.0,0.00032266267226077616,0.0009273175382986665,0.0007171320030465722,0.0032693154644221067,0.0027873145882040262,0.010384264402091503,0.08102846145629883,0.0071144113317132,0.005433245096355677,0.007164965383708477,0.020695559680461884,0.12724891304969788
332,0.005984782706946135,0.0,0.00031973214936442673,0.0009188330732285976,0.0007105853874236345,0.003239636542275548,0.002761834766715765,0.010282204486429691,0.08050528168678284,0.00704929931089282,0.005383648909628391,0.007099539507180452,0.020506875589489937,0.12593406438827515
333,0.005930401850491762,0.0,0.0003168387047480792,0.000910456757992506,0.0007041220087558031,0.0032103329431265593,0.00273667904548347,0.010181440971791744,0.0799868255853653,0.0069850170984864235,0.0053346832282841206,0.007034945301711559,0.020320584997534752,0.1246383935213089
334,0.005876556970179081,0.0,0.0003139817563351244,0.0009021867881529033,0.000697740470059216,0.0031813986133784056,0.0027118425350636244,0.010081954300403595,0.07947297394275665,0.006921551190316677,0.005286337807774544,0.006971169728785753,0.020136652514338493,0.12336116284132004
335,0.005823238752782345,0.0,0.0003111606929451227,0.000894021475687623,0.0006914394325576723,0.003152827499434352,0.0026873196475207806,0.009983724914491177,0.07896361500024796,0.006858888082206249,0.00523860240355134,0.00690819974988699,0.019955039024353027,0.12210167199373245
336,0.00577043741941452,0.0,0.0003083749325014651,0.0008859591325744987,0.0006852176738902926,0.003124613780528307,0.0026631057262420654,0.009886734187602997,0.07845866680145264,0.006797014735639095,0.005191467236727476,0.006846021860837936,0.01977570541203022,0.1208593025803566
337,0.0057181441225111485,0.0,0.0003056239220313728,0.0008779980707913637,0.0006790739134885371,0.0030967516358941793,0.0026391956489533186,0.009790964424610138,0.07795804738998413,0.006735918577760458,0.005144922994077206,0.006784623488783836,0.019598618149757385,0.1196335107088089
338,0.005666349548846483,0.0,0.00030290710856206715,0.0008701366605237126,0.0006730068707838655,0.0030692354775965214,0.0026155845262110233,0.009696396067738533,0.07746168971061707,0.006675587501376867,0.005098959896713495,0.006723991595208645,0.01942373812198639,0.11842377483844757
339,0.00561504578217864,0.0,0.0003002239391207695,0.0008623733301647007,0.0006670153816230595,0.003042059950530529,0.002592267468571663,0.009603012353181839,0.07696951925754547,0.006616008933633566,0.005053568631410599,0.006664114538580179,0.019251031801104546,0.1172296404838562
340,0.005564223974943161,0.0,0.00029757386073470116,0.0008547064498998225,0.0006610981654375792,0.0030152194667607546,0.0025692398194223642,0.009510794654488564,0.07648146897554398,0.006557170767337084,0.005008740350604057,0.006604980211704969,0.01908046379685402,0.11605069041252136
341,0.005513876676559448,0.0,0.00029495637863874435,0.000847134564537555,0.000655254116281867,0.0029887089040130377,0.0025464969221502542,0.009419725276529789,0.0759974792599678,0.006499061826616526,0.004964465741068125,0.006546576973050833,0.018912000581622124,0.1148865669965744
342,0.005463995970785618,0.0,0.00029237099806778133,0.0008396561024710536,0.0006494820117950439,0.0029625229071825743,0.002524034585803747,0.009329788386821747,0.07551749050617218,0.006441669538617134,0.00492073642089963,0.0064888931810855865,0.018745608627796173,0.11373692750930786
343,0.005414574407041073,0.0,0.00028981719515286386,0.0008322696085087955,0.0006437806878238916,0.0029366565868258476,0.00250184815376997,0.009240967221558094,0.07504145056009293,0.006384983193129301,0.004877543542534113,0.006431917194277048,0.01858125627040863,0.11260148137807846
344,0.005365604534745216,0.0,0.0002872944751288742,0.0008249736274592578,0.0006381490966305137,0.0029111048206686974,0.002479933202266693,0.009153245016932487,0.07456931471824646,0.006328991614282131,0.004834878724068403,0.006375638302415609,0.01841891184449196,0.11148003488779068
345,0.005317079834640026,0.0,0.00028480234323069453,0.0008177667623385787,0.0006325861904770136,0.0028858629520982504,0.0024582857731729746,0.009066605009138584,0.0741010308265686,0.006273683626204729,0.004792734049260616,0.006320045329630375,0.01825854368507862,0.1103724017739296
346,0.005268992390483618,0.0,0.0002823403337970376,0.0008106476161628962,0.0006270908052101731,0.0028609258588403463,0.002436901442706585,0.00898103229701519,0.07363654673099518,0.006219048984348774,0.004751101136207581,0.006265127565711737,0.01810012012720108,0.10927852243185043
347,0.005221336614340544,0.0,0.0002799079811666161,0.0008036148501560092,0.0006216618930920959,0.002836288884282112,0.0024157760199159384,0.008896511979401112,0.0731758177280426,0.006165077444165945,0.0047099716030061245,0.006210875231772661,0.0179436095058918,0.10819841921329498
348,0.005174105986952782,0.0,0.00027750481967814267,0.0007966670673340559,0.0006162984645925462,0.0028119476046413183,0.0023949057795107365,0.008813026361167431,0.07271880656480789,0.006111758295446634,0.004669337999075651,0.006157277151942253,0.01778898574411869,0.10713226348161697
349,0.005127294454723597,0.0,0.0002751304127741605,0.0007898029871284962,0.0006109995301812887,0.002787897363305092,0.0023742865305393934,0.008730562403798103,0.07226546108722687,0.006059081759303808,0.004629192873835564,0.006104323081672192,0.017636219039559364,0.10608036816120148
350,0.005080895964056253,0.0,0.00027278432389721274,0.0007830213289707899,0.0006057640421204269,0.0027641337364912033,0.002353914547711611,0.008649105206131935,0.07181573659181595,0.006007037125527859,0.004589528311043978,0.006052003707736731,0.017485277727246284,0.1050432026386261
351,0.005034905392676592,0.0,0.00027046611648984253,0.000776320812292397,0.0006005910690873861,0.0027406520675867796,0.00233378610573709,0.008568638935685158,0.07136960327625275,0.005955615546554327,0.004550337325781584,0.0060003092512488365,0.01733613759279251,0.10402144491672516
352,0.0049893176183104515,0.0,0.000268175353994593,0.0007697001565247774,0.0005954796797595918,0.0027174483984708786,0.002313897479325533,0.008489150553941727,0.07092701643705368,0.005904806777834892,0.004511612933129072,0.005949229933321476,0.017188768833875656,0.10301590710878372
353,0.004944127053022385,0.0,0.0002659116289578378,0.0007631581975147128,0.0005904288846068084,0.002694518305361271,0.0022942449431866407,0.008410625159740448,0.07048793137073517,0.005854601971805096,0.004473347682505846,0.005898756440728903,0.01704314537346363,0.10202760994434357
354,0.004899329971522093,0.0,0.00026367453392595053,0.000756693712901324,0.0005854377523064613,0.002671858062967658,0.002274824772030115,0.008333048783242702,0.07005231082439423,0.005804991815239191,0.004435534123331308,0.005848879460245371,0.016899241134524345,0.10105769336223602
355,0.004854921717196703,0.0,0.0002614636905491352,0.0007503055385313928,0.0005805054097436368,0.0026494632475078106,0.002255633706226945,0.008256407454609871,0.06962010264396667,0.005755966994911432,0.004398166202008724,0.005799590144306421,0.016757028177380562,0.10010736435651779
356,0.004810897633433342,0.0,0.000259278662269935,0.0007439925102517009,0.0005756309838034213,0.0026273299008607864,0.0022366680204868317,0.008180689066648483,0.06919129192829132,0.005707519128918648,0.004361236933618784,0.005750879645347595,0.01661648415029049,0.09917788952589035
357,0.004767253994941711,0.0,0.00025711909984238446,0.0007377535221166909,0.0005708136013709009,0.002605454297736287,0.002217924455180764,0.008105878718197346,0.06876583397388458,0.005659639369696379,0.004324739333242178,0.005702739115804434,0.01647758111357689,0.0982704684138298
358,0.0047239875420928,0.0,0.00025498459581285715,0.0007315874099731445,0.000566052389331162,0.0025838324800133705,0.002199399983510375,0.008031965233385563,0.06834369897842407,0.0056123193353414536,0.004288667347282171,0.0056551601737737656,0.01634029671549797,0.09738622605800629
359,0.00468109454959631,0.0,0.0002528748009353876,0.0007254931260831654,0.0005613465327769518,0.0025624604895710945,0.0021810908801853657,0.007958933711051941,0.06792484223842621,0.005565550643950701,0.004253014922142029,0.005608133971691132,0.016204606741666794,0.09652608633041382
360,0.004638571757823229,0.0,0.0002507893368601799,0.0007194696227088571,0.0005566951585933566,0.002541335066780448,0.002162993885576725,0.007886772975325584,0.067509226500988,0.0055193244479596615,0.004217775538563728,0.005561653058975935,0.01607048511505127,0.0956907644867897
