# Timestep,-2147483647,0,301067,401263,401301,401440,501497,501504,601667
1,nan,0.0,0.0,0.0,0.0,0.0,0.0,0.0,0.0
2,nan,0.0,0.0,0.0,0.0,0.0,0.0,0.0,0.0
3,nan,0.0,0.0,0.0,0.0,0.0,0.0,0.0,0.0
4,nan,0.0,0.0,0.0,0.0,0.0,0.0,0.0,0.0
5,nan,0.0,0.0,0.0,0.0,0.0,0.0,0.0,0.0
6,nan,0.0,0.0,0.0,0.0,0.0,0.0,0.0,0.0
7,nan,0.0,0.0,0.0,0.0,0.0,0.0,0.0,0.0
8,nan,0.0,0.0,0.0,0.0,0.0,0.0,0.0,0.0
9,nan,0.0,0.0,0.0,0.0,0.0,0.0,0.0,0.0
10,nan,0.0,0.0,0.0,0.0,0.0,0.0,0.0,0.0
11,nan,0.0,0.0,0.0,0.0,0.0,0.0,0.0,0.0
12,nan,0.0,0.0,0.0,0.0,0.0,0.0,0.0,0.0
13,nan,0.0,0.005979920271784067,0.0,0.0,0.0,0.0,0.0,0.0
14,nan,0.0,0.0207726638764143,0.0,0.0,0.0,0.0,0.0,0.0
15,nan,0.0,0.03835858032107353,0.0,0.0,0.0,0.0,0.0,0.0
16,nan,0.0,0.06202472373843193,0.0,0.0,0.0,0.019216762855648994,0.0,0.0
17,nan,0.0,0.0866772010922432,0.0,0.0,0.0,0.04712643101811409,0.0,0.0
18,nan,0.0,0.11678794771432877,0.0037604637909680605,0.0,0.0022784252651035786,0.0963243916630745,0.0,0.0
19,nan,0.0,0.14372190833091736,0.019690871238708496,0.0,0.02146795019507408,0.15451589226722717,0.0,0.0
20,nan,0.0,0.17380543053150177,0.03794087842106819,0.0,0.04516565427184105,0.22407332062721252,0.0,0.0
21,nan,0.0,0.1998908370733261,0.07741156965494156,0.0,0.1010192409157753,0.29589518904685974,0.0,0.0
22,nan,0.0,0.21966153383255005,0.12189485132694244,0.0,0.18239814043045044,0.3745690882205963,0.0057327523827552795,0.0
23,nan,0.0,0.23863090574741364,0.1863415539264679,0.0,0.30241090059280396,0.4646052420139313,0.03182952105998993,0.0
24,nan,0.0,0.25219467282295227,0.2676266133785248,0.002904502907767892,0.4650139808654785,0.587524950504303,0.060181405395269394,0.009016481228172779
25,nan,0.0,0.26463401317596436,0.41521912813186646,0.01928832195699215,0.8323826789855957,0.7679085731506348,0.10082986950874329,0.056100938469171524
26,nan,0.0,0.27313846349716187,0.6254062652587891,0.04583238437771797,1.3171650171279907,1.1723848581314087,0.1647970974445343,0.10645216703414917
27,nan,0.0,0.2808377146720886,0.8073808550834656,0.1080084890127182,1.483696460723877,1.8027572631835938,0.23194967210292816,0.16554632782936096
28,nan,0.0,0.2859094738960266,0.9606658220291138,0.21642528474330902,1.6089447736740112,2.2179322242736816,0.3242233097553253,0.23924051225185394
29,nan,0.0,0.29053738713264465,1.1367884874343872,0.451958030462265,1.775107979774475,2.522512435913086,0.4252414405345917,0.39849066734313965
30,nan,0.0,0.29348239302635193,1.2621628046035767,0.8843595385551453,1.8977981805801392,2.641401767730713,0.5446402430534363,0.5580099821090698
31,nan,0.0,0.29623082280158997,1.3228689432144165,0.9782222509384155,1.964561939239502,2.732905626296997,0.6790878176689148,0.7217122316360474
32,nan,0.0,0.2979193925857544,1.4018559455871582,1.1005825996398926,2.044943332672119,2.856895685195923,0.8460995554924011,0.922652006149292
33,nan,0.0,0.299548864364624,1.4928768873214722,1.2348929643630981,2.135322332382202,3.0081212520599365,1.0370804071426392,1.1009342670440674
34,nan,0.0,0.3005131185054779,1.5910608768463135,1.2561147212982178,2.2314255237579346,3.1807198524475098,1.2671358585357666,1.2692878246307373
35,nan,0.0,0.3014836013317108,1.6923434734344482,1.2779093980789185,2.329996347427368,3.370763063430786,1.5339736938476562,1.4490095376968384
36,nan,0.0,0.30203455686569214,1.7942215204238892,1.3032020330429077,2.4285898208618164,3.574648380279541,1.8502193689346313,1.6476942300796509
37,nan,0.0,0.3026171922683716,1.8763788938522339,1.3304576873779297,2.52543306350708,3.7889130115509033,2.635664463043213,1.8729020357131958
38,nan,0.0,0.3029332756996155,1.920268177986145,1.3593062162399292,2.6193058490753174,4.011557102203369,3.4516894817352295,2.15468692779541
39,nan,0.0,0.30328646302223206,1.9656493663787842,1.3897978067398071,2.709428071975708,4.1393208503723145,3.879185199737549,2.526013135910034
40,nan,0.0,0.3034689724445343,2.0117735862731934,1.4203009605407715,2.7953574657440186,4.239504814147949,4.407593250274658,2.9593489170074463
41,nan,0.0,0.30368533730506897,2.0580294132232666,1.4518464803695679,2.8714847564697266,4.345703601837158,4.661105632781982,3.4958407878875732
42,nan,0.0,0.3037914037704468,2.104003429412842,1.4828015565872192,2.9000937938690186,4.456811428070068,4.740833759307861,4.077764511108398
43,nan,0.0,0.30392560362815857,2.1493401527404785,1.5140897035598755,2.928701639175415,4.57183313369751,4.864224910736084,4.710553169250488
44,nan,0.0,0.3039878308773041,2.193781852722168,1.5445406436920166,2.956967353820801,4.68988561630249,5.017508029937744,5.388162136077881
45,nan,0.0,0.3040720820426941,2.2371485233306885,1.5748140811920166,2.9844577312469482,4.8101911544799805,5.177707672119141,6.085943698883057
46,nan,0.0,0.30410900712013245,2.27932071685791,1.6041162014007568,3.011664390563965,4.932066917419434,5.343324184417725,6.815825462341309
47,nan,0.0,0.3041624426841736,2.3202266693115234,1.6329478025436401,3.0382776260375977,5.054554462432861,5.507107257843018,7.204877853393555
48,nan,0.0,0.30418452620506287,2.346681833267212,1.6608034372329712,3.0641136169433594,5.1613898277282715,5.661761283874512,7.383470058441162
49,nan,0.0,0.3042188882827759,2.371610641479492,1.68800950050354,3.0895767211914062,5.2415452003479,5.811644077301025,7.657116889953613
50,nan,0.0,0.30423229932785034,2.3960278034210205,1.7143398523330688,3.114422559738159,5.322389602661133,5.946442127227783,8.039610862731934
51,nan,0.0,0.30425456166267395,2.419952392578125,1.7398903369903564,3.13850736618042,5.403539657592773,6.074273109436035,8.568687438964844
52,nan,0.0,0.3042629063129425,2.4434564113616943,1.764737606048584,3.1622071266174316,5.484870910644531,6.191410541534424,9.297643661499023
53,nan,0.0,0.3042774498462677,2.4663190841674805,1.7886871099472046,3.185396909713745,5.5662522315979,6.2973103523254395,10.283888816833496
54,nan,0.0,0.30428260564804077,2.4887802600860596,1.8121507167816162,3.2077972888946533,5.647533893585205,6.395707130432129,11.588133811950684
55,nan,0.0,0.30429232120513916,2.5106542110443115,1.8345940113067627,3.2298290729522705,5.7285919189453125,6.4853081703186035,13.260815620422363
56,nan,0.0,0.3042955696582794,2.532064437866211,1.8566362857818604,3.251494884490967,5.809322357177734,6.565106391906738,15.320747375488281
57,nan,0.0,0.30430206656455994,2.552975654602051,1.8693351745605469,3.272373914718628,5.8896331787109375,6.638606071472168,17.779306411743164
58,nan,0.0,0.3043041229248047,2.5733752250671387,1.8786942958831787,3.292865753173828,5.969438552856445,6.706090450286865,20.585838317871094
59,nan,0.0,0.3043084740638733,2.593346118927002,1.887980580329895,3.313018798828125,6.036815643310547,6.767564296722412,22.305099487304688
60,nan,0.0,0.3043099045753479,2.6127870082855225,1.8971930742263794,3.3326756954193115,6.0921244621276855,6.821661472320557,23.1251163482666
61,nan,0.0,0.3043127954006195,2.631852388381958,1.9063313007354736,3.3517580032348633,6.147052764892578,6.871232032775879,28.063161849975586
62,nan,0.0,0.3043137788772583,2.650392532348633,1.9153461456298828,3.3705289363861084,6.201814651489258,6.916583061218262,37.05958557128906
63,nan,0.0,0.3043157160282135,2.6685919761657715,1.9241013526916504,3.38899302482605,6.2563676834106445,6.958018779754639,43.680328369140625
64,nan,0.0,0.3043164312839508,2.6862905025482178,1.9327857494354248,3.4069151878356934,6.310458183288574,6.995833873748779,46.2823600769043
65,nan,0.0,0.3043176829814911,2.703666925430298,1.9413995742797852,3.4244234561920166,6.364144325256348,7.030312538146973,46.9682502746582
66,nan,0.0,0.29758742451667786,2.7167608737945557,1.9499003887176514,3.4414098262786865,6.417272090911865,7.059953689575195,47.801109313964844
67,nan,0.0,0.28516989946365356,2.728407382965088,1.9582117795944214,3.4574668407440186,6.469430923461914,7.082952499389648,48.73384475708008
68,nan,0.0,0.2694651484489441,2.7393999099731445,1.9661890268325806,3.4720935821533203,6.520392894744873,7.098862648010254,49.781734466552734
69,nan,0.0,0.25082090497016907,2.74946665763855,1.9737074375152588,3.485013246536255,6.5701141357421875,7.1067914962768555,50.92511749267578
70,nan,0.0,0.2314033806324005,2.758498430252075,1.9808119535446167,3.49603009223938,6.618244171142578,7.105995178222656,52.187049865722656
71,nan,0.0,0.21153992414474487,2.76637601852417,1.9874173402786255,3.504857063293457,6.664462566375732,7.095789909362793,53.54881286621094
72,nan,0.0,0.19257105886936188,2.7729556560516357,1.9934394359588623,3.511258363723755,6.708739280700684,7.075556755065918,55.03314208984375
73,nan,0.0,0.17448554933071136,2.778106212615967,1.9987984895706177,3.515059232711792,6.750652313232422,7.044641971588135,56.64451217651367
74,nan,0.0,0.15863685309886932,2.781702995300293,2.0034236907958984,3.5161478519439697,6.845824241638184,7.001249313354492,58.379661560058594
75,nan,0.0,0.14546352624893188,2.783735990524292,2.007256031036377,3.514472246170044,6.848390102386475,6.946392059326172,60.22968292236328
76,nan,0.0,0.1305847018957138,2.7841696739196777,2.010251998901367,3.510035276412964,6.9102373123168945,6.880024433135986,61.43179702758789
77,nan,0.0,0.11859115958213806,2.782996654510498,2.012371301651001,3.502885103225708,19.565265655517578,6.802269458770752,62.46437072753906
78,nan,0.0,0.10723768174648285,2.780235528945923,2.013594627380371,3.493107318878174,6.850635051727295,6.711332321166992,63.55089569091797
79,nan,0.0,0.0973999872803688,2.775907278060913,2.0139622688293457,3.4808156490325928,16.860675811767578,6.607598304748535,64.6784439086914
80,nan,0.0,0.08849968016147614,2.770033359527588,2.013486623764038,3.466144323348999,6.8507771492004395,6.493755340576172,65.83512115478516
81,nan,0.0,0.08101265877485275,2.762718439102173,2.012190580368042,3.4489505290985107,15.785542488098145,6.366174697875977,67.00572967529297
82,nan,0.0,0.07406024634838104,2.754040241241455,2.010061025619507,3.4296014308929443,6.850639343261719,6.228355884552002,68.1773452758789
83,nan,0.0,0.06768998503684998,2.744081497192383,2.007150888442993,3.4083032608032227,13.176472663879395,6.079889297485352,69.33517456054688
84,nan,0.0,0.06205250695347786,2.732804536819458,2.0035080909729004,3.385011911392212,6.850785255432129,5.920203685760498,70.4750747680664
85,nan,0.0,0.05698685348033905,2.7203845977783203,1.99917471408844,3.3597941398620605,12.279255867004395,5.752491474151611,71.59074401855469
86,nan,0.0,0.052449945360422134,2.7068676948547363,1.99419367313385,3.3330800533294678,6.850649356842041,5.57381534576416,72.67694854736328
87,nan,0.0,0.048370830714702606,2.6867477893829346,1.9886083602905273,3.304588794708252,9.894856452941895,5.3892693519592285,73.72980499267578
88,nan,0.0,0.0446985624730587,2.6654276847839355,1.9824609756469727,3.274704933166504,6.8881425857543945,5.194745063781738,74.74519348144531
89,nan,0.0,0.04138490930199623,2.6428728103637695,1.9757928848266602,3.243521213531494,9.166523933410645,4.99639368057251,76.16712188720703
90,nan,0.0,0.03838898241519928,2.6191890239715576,1.9686434268951416,3.210890531539917,6.850673198699951,4.788604736328125,76.2885971069336
91,nan,0.0,0.03567468747496605,2.59452223777771,1.960992693901062,3.1773548126220703,7.1805620193481445,4.208168983459473,160.52674865722656
92,nan,0.0,0.033210575580596924,2.568816661834717,1.952789306640625,3.142355442047119,6.8738603591918945,2.8922410011291504,109.98231506347656
93,nan,0.0,0.03096912056207657,2.5422041416168213,1.9442038536071777,3.106734037399292,6.850740432739258,3.02364444732666,157.60633850097656
94,nan,0.0,0.028926189988851547,2.5147922039031982,1.935268759727478,3.0697362422943115,6.8505940437316895,2.81181001663208,106.76893615722656
95,nan,0.0,0.02740851789712906,2.4865965843200684,1.9260145425796509,3.0322721004486084,6.850350379943848,2.6925463676452637,154.13710021972656
96,nan,0.0,0.02577299438416958,2.457585334777832,1.9164694547653198,2.9935872554779053,6.850014686584473,2.5595192909240723,103.07655334472656
97,nan,0.0,0.024173030629754066,2.4279260635375977,1.9064764976501465,2.9545438289642334,6.849591255187988,2.4383368492126465,150.25233459472656
98,nan,0.0,0.022705359384417534,2.397665500640869,1.896160364151001,2.9143857955932617,6.84908390045166,2.3224551677703857,99.02772521972656
99,nan,0.0,0.021356070414185524,2.3668110370635986,1.885623812675476,2.87398624420166,6.84849739074707,2.2131290435791016,146.06629943847656
100,nan,0.0,0.020113525912165642,2.335306406021118,1.8748886585235596,2.7709836959838867,6.847835540771484,2.109699249267578,94.72987365722656
101,nan,0.0,0.018967406824231148,2.291853427886963,1.863974928855896,2.6569952964782715,6.84710168838501,2.026329755783081,141.68080139160156
102,nan,0.0,0.017908548936247826,2.240933656692505,1.8406754732131958,2.5427732467651367,6.846299648284912,1.9928079843521118,90.27943420410156
103,nan,0.0,0.01692880131304264,2.189375638961792,1.8152509927749634,2.428356885910034,6.845432758331299,1.93858802318573,137.18739318847656
104,nan,0.0,0.016020912677049637,2.137298583984375,1.7892184257507324,2.313385486602783,6.771289348602295,1.8733417987823486,85.76405334472656
105,nan,0.0,0.015178387053310871,2.084780693054199,1.7630555629730225,2.1981215476989746,6.757369041442871,1.802978754043579,132.66981506347656
106,nan,0.0,0.014395427890121937,2.031857490539551,1.7363650798797607,2.082900047302246,6.742707252502441,1.731074571609497,81.26258850097656
107,nan,0.0,0.013666835613548756,1.9785616397857666,1.7095458507537842,1.9678256511688232,6.727346420288086,1.6599781513214111,128.20082092285156
108,nan,0.0,0.01298794336616993,1.9249231815338135,1.682291030883789,1.8105634450912476,6.711327075958252,1.5943454504013062,76.84120178222656
109,nan,0.0,0.01235455833375454,1.8709701299667358,1.6548794507980347,1.2922694683074951,6.6946187019348145,1.5296887159347534,123.83900451660156
110,nan,0.0,0.011762892827391624,1.7543835639953613,1.627152442932129,0.5284591317176819,6.677208423614502,1.4668712615966797,76.32073974609375
111,nan,0.0,0.011209545657038689,1.6262282133102417,1.5991946458816528,0.4927060902118683,6.659244060516357,1.4063758850097656,112.07948303222656
112,nan,0.0,0.010691428557038307,1.4997780323028564,1.5710926055908203,0.46282410621643066,6.640758991241455,1.3484441041946411,76.32411193847656
113,nan,0.0,0.010205763392150402,1.3753770589828491,1.5426160097122192,0.4371415972709656,6.621717929840088,1.2942962646484375,107.28944396972656
114,nan,0.0,0.009750005789101124,1.25310480594635,1.5142478942871094,0.41454756259918213,6.602066516876221,1.2434817552566528,76.32090759277344
115,nan,0.0,0.009321874938905239,0.5693060159683228,1.4852594137191772,0.3968019485473633,6.581980228424072,1.194531798362732,96.18080139160156
116,nan,0.0,0.008919275365769863,0.2954274117946625,1.456663727760315,0.3799460828304291,6.5614848136901855,1.147607445716858,76.32424926757812
117,nan,0.0,0.008540313690900803,0.33800607919692993,1.4272434711456299,0.36390915513038635,6.540457725524902,1.1027666330337524,91.95375061035156
118,nan,0.0,0.008183249272406101,0.33179327845573425,1.3981835842132568,0.3486810624599457,6.518978595733643,1.0600024461746216,76.32102966308594
119,nan,0.0,0.007846509106457233,0.3234579861164093,1.3687077760696411,0.33423855900764465,6.497160911560059,1.0192683935165405,81.33265686035156
120,nan,0.0,0.007528641261160374,0.31258082389831543,1.3391398191452026,0.3205503523349762,6.4749836921691895,0.981762707233429,76.32433319091797
121,nan,0.0,0.007228326518088579,0.3013015687465668,1.3098236322402954,0.3075808882713318,6.452291488647461,0.9479179382324219,77.45960998535156
122,nan,0.0,0.0069443462416529655,0.2903549075126648,1.2796640396118164,0.29529276490211487,6.429320812225342,0.91474848985672,76.32110595703125
123,nan,0.0,0.006675587967038155,0.27989089488983154,1.250105857849121,0.28364813327789307,6.406091213226318,0.8825170993804932,76.31539916992188
124,nan,0.0,0.006421036086976528,0.2699212431907654,1.0885945558547974,0.2726098299026489,6.382377624511719,0.8513773083686829,76.3062515258789
125,nan,0.0,0.0061797392554581165,0.26042628288269043,0.7931658029556274,0.2628718614578247,6.358399868011475,0.8214098215103149,76.293701171875
126,nan,0.0,0.005950838793069124,0.25138014554977417,0.30186036229133606,0.25380170345306396,6.334212779998779,0.792646586894989,76.27778625488281
127,nan,0.0,0.0057335300371050835,0.24275732040405273,0.2675166130065918,0.24494445323944092,6.309631824493408,0.765087366104126,76.25855255126953
128,nan,0.0,0.005527077708393335,0.23453332483768463,0.24181047081947327,0.236352801322937,6.28477144241333,0.7387108206748962,76.23603820800781
129,nan,0.0,0.005330799147486687,0.22668540477752686,0.22213903069496155,0.22805821895599365,6.259745121002197,0.7134826183319092,76.21029663085938
130,nan,0.0,0.00514406431466341,0.21919222176074982,0.2076110690832138,0.220077246427536,6.2343926429748535,0.6912505030632019,76.18138885498047
131,nan,0.0,0.004966292064636946,0.21228714287281036,0.196255624294281,0.21241611242294312,6.208756923675537,0.6706624627113342,76.14938354492188
132,nan,0.0,0.004796936642378569,0.20582015812397003,0.18651719391345978,0.20507392287254333,6.182993412017822,0.6502887010574341,76.11433410644531
133,nan,0.0,0.004635498858988285,0.19936588406562805,0.17801398038864136,0.19804510474205017,6.156950950622559,0.6303027272224426,75.96355438232422
134,nan,0.0,0.004481512121856213,0.1931094378232956,0.17046703398227692,0.19132070243358612,6.130632400512695,0.6108188033103943,74.70286560058594
135,nan,0.0,0.004334540572017431,0.18709608912467957,0.16367167234420776,0.1848900467157364,6.10421895980835,0.5919089913368225,74.38072967529297
136,nan,0.0,0.004194186069071293,0.1813298910856247,0.1574769765138626,0.17874127626419067,6.077558994293213,0.5736148953437805,74.04174041748047
137,nan,0.0,0.004060070496052504,0.17580275237560272,0.15177111327648163,0.1728619486093521,6.050635814666748,0.5559568405151367,73.68683624267578
138,nan,0.0,0.003931843675673008,0.17050385475158691,0.14647036790847778,0.1672394871711731,6.023648738861084,0.5389400720596313,73.31292724609375
139,nan,0.0,0.003809181274846196,0.16542182862758636,0.1415116786956787,0.16186153888702393,5.990899562835693,0.5225593447685242,72.9219970703125
140,nan,0.0,0.003691773395985365,0.1605457216501236,0.13684694468975067,0.15671588480472565,5.951671123504639,0.5068024396896362,72.51778411865234
141,nan,0.0,0.003579341107979417,0.1558651328086853,0.13243907690048218,0.1517908126115799,5.912276268005371,0.49165236949920654,72.0987319946289
142,nan,0.0,0.0034716196823865175,0.15137030184268951,0.1282590627670288,0.14707516133785248,5.8725972175598145,0.47708940505981445,71.66246795654297
143,nan,0.0,0.003368352074176073,0.14705203473567963,0.12428370863199234,0.14255817234516144,5.832820892333984,0.4630919098854065,71.2154541015625
144,nan,0.0,0.0032693136017769575,0.14290162920951843,0.12049439549446106,0.13905934989452362,5.792718410491943,0.4504672586917877,70.75572204589844
145,nan,0.0,0.0031742809806019068,0.1389109194278717,0.11687569320201874,0.13569006323814392,5.7525954246521,0.4387452304363251,70.2803726196289
146,nan,0.0,0.0030830497853457928,0.13507220149040222,0.11342623829841614,0.13228631019592285,5.712092876434326,0.4271755516529083,69.7966079711914
147,nan,0.0,0.002995428629219532,0.13137824833393097,0.11087138950824738,0.1288846731185913,5.671657085418701,0.41582179069519043,69.30027770996094
148,nan,0.0,0.0029112373013049364,0.12782220542430878,0.10825872421264648,0.12551259994506836,5.63077449798584,0.4047275483608246,68.79154205322266
149,nan,0.0,0.0028303018771111965,0.1243976280093193,0.1056237518787384,0.12219037860631943,5.590027332305908,0.393921434879303,68.27651977539062
150,nan,0.0,0.0027524700853973627,0.12109841406345367,0.10299324989318848,0.11893268674612045,5.548813819885254,0.38342100381851196,67.7471923828125
151,nan,0.0,0.002677586395293474,0.11791878193616867,0.10038720071315765,0.11574988812208176,5.507723808288574,0.37323564291000366,67.21015167236328
152,nan,0.0,0.002605510177090764,0.11485333740711212,0.09782031178474426,0.11264907568693161,5.466257095336914,0.3633687496185303,66.667236328125
153,nan,0.0,0.002536106389015913,0.11218566447496414,0.09530317783355713,0.10963469743728638,5.424837589263916,0.3538194000720978,66.10952758789062
154,nan,0.0,0.0024692530278116465,0.10969404131174088,0.09284325689077377,0.10670924186706543,5.38314962387085,0.3445834219455719,65.54867553710938
155,nan,0.0,0.0024048301856964827,0.10707796365022659,0.09044558554887772,0.10387373715639114,5.341409683227539,0.3356545567512512,64.97794342041016
156,nan,0.0,0.002342727268114686,0.10446158051490784,0.08811331540346146,0.10112811625003815,5.299532890319824,0.3270248770713806,64.3987045288086
157,nan,0.0,0.0022828334476798773,0.10189593583345413,0.08584819734096527,0.09847143292427063,5.257479667663574,0.31868577003479004,63.81793212890625
158,nan,0.0,0.0022250532638281584,0.09940081089735031,0.08365090936422348,0.09590217471122742,5.215448379516602,0.3106277585029602,63.22165298461914
159,nan,0.0,0.002169292885810137,0.09698263555765152,0.08152130246162415,0.09341832995414734,5.173085689544678,0.3028412163257599,62.6243896484375
160,nan,0.0,0.0021154601126909256,0.09464219212532043,0.07945867627859116,0.09101762622594833,5.130271911621094,0.29531630873680115,62.020320892333984
161,nan,0.0,0.0020634711254388094,0.0923779308795929,0.07746180146932602,0.08869758993387222,5.06428337097168,0.28804320096969604,61.40708541870117
162,nan,0.0,0.002013246761634946,0.0901874527335167,0.07552924752235413,0.0864555686712265,4.998318195343018,0.28101229667663574,60.794734954833984
163,nan,0.0,0.0019647101871669292,0.08806803822517395,0.07365931570529938,0.08428891748189926,4.9324564933776855,0.2742142081260681,59.61337661743164
164,nan,0.0,0.0019177882932126522,0.08601690083742142,0.07185011357069016,0.08219492435455322,4.866160869598389,0.2676398456096649,58.33949279785156
165,nan,0.0,0.0018724174005910754,0.08403129130601883,0.07009977102279663,0.08017092198133469,4.799877643585205,0.2612803280353546,57.06865692138672
166,nan,0.0,0.001828526146709919,0.08210862427949905,0.06840629875659943,0.07821427285671234,4.733778476715088,0.2551271319389343,55.7998046875
167,nan,0.0,0.0017860601656138897,0.08024638891220093,0.06676766276359558,0.07632236182689667,4.6671142578125,0.24917207658290863,54.5219612121582
168,nan,0.0,0.001744953915476799,0.07844220101833344,0.06518194824457169,0.07449270784854889,4.600616931915283,0.24340727925300598,53.24964141845703
169,nan,0.0,0.0017051566392183304,0.07669376581907272,0.06364720314741135,0.07272285223007202,4.534181594848633,0.23859429359436035,51.98641586303711
170,nan,0.0,0.0016666139708831906,0.07499891519546509,0.06216152757406235,0.07101045548915863,4.467283725738525,0.2343108206987381,50.70869445800781
171,nan,0.0,0.0016292734071612358,0.07335557043552399,0.06072305887937546,0.06935325264930725,4.400722026824951,0.22994977235794067,49.43656921386719
172,nan,0.0,0.0015930936206132174,0.07176174968481064,0.05933001637458801,0.06774906069040298,4.333785057067871,0.22555144131183624,48.1765022277832
173,nan,0.0,0.0015580214094370604,0.07021559029817581,0.05798068270087242,0.06619581580162048,4.26686954498291,0.2211477905511856,46.88927459716797
174,nan,0.0,0.001524018938653171,0.06871528178453445,0.05667336285114288,0.06469149142503738,4.200119972229004,0.21676389873027802,43.672481536865234
175,nan,0.0,0.0014910433674231172,0.06725909560918808,0.05540645122528076,0.06323416531085968,4.132856845855713,0.2124193161725998,34.62184143066406
176,nan,0.0,0.0014590523205697536,0.06584537029266357,0.054178424179553986,0.06182202324271202,4.061947822570801,0.2081291228532791,29.341773986816406
177,nan,0.0,0.0014280120376497507,0.06447259336709976,0.05298779159784317,0.060453325510025024,3.894479513168335,0.20390483736991882,26.193130493164062
178,nan,0.0,0.0013978860806673765,0.06313922256231308,0.0518331415951252,0.05912639573216438,3.7279016971588135,0.1997550129890442,24.250852584838867
179,nan,0.0,0.0013686396414414048,0.06184384599328041,0.050713129341602325,0.05783962458372116,3.5621249675750732,0.19568592309951782,23.568431854248047
180,nan,0.0,0.0013402389595285058,0.060585081577301025,0.049626436084508896,0.056591469794511795,3.396317720413208,0.19170205295085907,23.458457946777344
181,nan,0.0,0.0013126550475135446,0.05936163663864136,0.04857182502746582,0.05538046732544899,3.2309861183166504,0.18780627846717834,23.33794403076172
182,nan,0.0,0.0012858568225055933,0.05817224085330963,0.047548118978738785,0.05420524626970291,3.066384792327881,0.18400022387504578,23.20766830444336
183,nan,0.0,0.001259815413504839,0.05701571702957153,0.04655414819717407,0.05306446924805641,2.902515411376953,0.18028467893600464,23.0683650970459
184,nan,0.0,0.0012345043942332268,0.05589088425040245,0.04558884724974632,0.05195683240890503,2.7394728660583496,0.17665959894657135,22.92074203491211
185,nan,0.0,0.001209896756336093,0.054796647280454636,0.04465116932988167,0.05088115110993385,2.4658312797546387,0.17312459647655487,22.765460968017578
186,nan,0.0,0.0011859697988256812,0.05373198166489601,0.043740108609199524,0.04983622580766678,0.48095759749412537,0.1696784794330597,22.603158950805664
187,nan,0.0,0.0011626973282545805,0.05269584059715271,0.042854707688093185,0.04882095381617546,0.44317933917045593,0.1663200557231903,22.434438705444336
188,nan,0.0,0.0011400568764656782,0.05168727785348892,0.04199407622218132,0.04783427715301514,0.421554833650589,0.16304759681224823,22.259876251220703
189,nan,0.0,0.0011180287692695856,0.050705358386039734,0.04115729406476021,0.047144461423158646,0.4075095057487488,0.159859299659729,22.080018997192383
190,nan,0.0,0.001096588559448719,0.049749188125133514,0.04034356772899628,0.04661936312913895,0.3970734477043152,0.15675324201583862,21.8953857421875
191,nan,0.0,0.0010757175041362643,0.048817891627550125,0.039552055299282074,0.04606211930513382,0.38840723037719727,0.15372735261917114,21.150976181030273
192,nan,0.0,0.0010553988395258784,0.04791068658232689,0.03878200799226761,0.04547874256968498,0.38065680861473083,0.1507796198129654,20.444801330566406
193,nan,0.0,0.0010356107959523797,0.047026753425598145,0.038032691925764084,0.04487449675798416,0.3734239339828491,0.14790789783000946,19.82546043395996
194,nan,0.0,0.0010163375409319997,0.046165354549884796,0.03761083260178566,0.04425396770238876,0.36652132868766785,0.14511002600193024,19.274696350097656
195,nan,0.0,0.0009975613793358207,0.04532574489712715,0.03719857335090637,0.04362117126584053,0.3598597049713135,0.14238393306732178,18.77495574951172
196,nan,0.0,0.0009792651981115341,0.0445072241127491,0.036762215197086334,0.04297957941889763,0.35339486598968506,0.13972748816013336,18.323759078979492
197,nan,0.0,0.0009614341543056071,0.04370911791920662,0.03630630671977997,0.04233221337199211,0.3471037745475769,0.13713863492012024,17.91425323486328
198,nan,0.0,0.000944053172133863,0.042930807918310165,0.03583483397960663,0.041681692004203796,0.3409731984138489,0.13461536169052124,17.533594131469727
199,nan,0.0,0.0009271082235500216,0.042171645909547806,0.035351261496543884,0.041030269116163254,0.3349945843219757,0.132155641913414,17.17790412902832
200,nan,0.0,0.0009105862118303776,0.041431039571762085,0.03485860303044319,0.04037989675998688,0.3291616439819336,0.1297575980424881,16.845775604248047
201,nan,0.0,0.0008944701985456049,0.040708426386117935,0.03435949981212616,0.03973224014043808,0.3234691619873047,0.1274193376302719,16.539405822753906
202,nan,0.0,0.0008787508122622967,0.040003228932619095,0.03385622054338455,0.03908872231841087,0.3183671236038208,0.12513908743858337,16.24786949157715
203,nan,0.0,0.0008634140249341726,0.03931491822004318,0.033350713551044464,0.03845055401325226,0.3132294714450836,0.12291497737169266,15.969616889953613
204,nan,0.0,0.0008484485442750156,0.038642991334199905,0.03284469619393349,0.03781875967979431,0.3080674111843109,0.12074536085128784,15.703329086303711
205,nan,0.0,0.0008338440675288439,0.03798695281147957,0.03233961760997772,0.03719419613480568,0.3029514253139496,0.11862856149673462,15.44787883758545
206,nan,0.0,0.0008195865084417164,0.03760017454624176,0.031836725771427155,0.03657757118344307,0.29791608452796936,0.11656299978494644,15.206727027893066
207,nan,0.0,0.0008056674851104617,0.037148892879486084,0.031337086111307144,0.03596947714686394,0.29297730326652527,0.11454709619283676,14.9766206741333
208,nan,0.0,0.0007920776261016726,0.03664785623550415,0.03084159642457962,0.03537038341164589,0.28814178705215454,0.11257940530776978,14.75355339050293
209,nan,0.0,0.0007788037182763219,0.0361182801425457,0.030351024121046066,0.034780681133270264,0.28341129422187805,0.11065839976072311,14.537120819091797
210,nan,0.0,0.0007658401736989617,0.035574156790971756,0.02986600622534752,0.03420065715909004,0.2787853181362152,0.10878275334835052,14.326961517333984
211,nan,0.0,0.0007531758164986968,0.03502466157078743,0.02938707359135151,0.03363053873181343,0.2742622196674347,0.10695108026266098,14.122742652893066
212,nan,0.0,0.0007408011588267982,0.03447581082582474,0.028914662078022957,0.03307049348950386,0.2698396146297455,0.10516209900379181,13.924166679382324
213,nan,0.0,0.0007287078187800944,0.033931467682123184,0.028449110686779022,0.0325206033885479,0.265514999628067,0.10341455042362213,13.73448371887207
214,nan,0.0,0.0007168910815380514,0.03339410200715065,0.027990715578198433,0.031980935484170914,0.26128584146499634,0.10170719027519226,13.551929473876953
215,nan,0.0,0.0007053387816995382,0.032865241169929504,0.0275396928191185,0.031451497226953506,0.25714951753616333,0.10003886371850967,13.373231887817383
216,nan,0.0,0.0006940443417988718,0.032345786690711975,0.027096198871731758,0.03093228116631508,0.2531035840511322,0.09840845316648483,13.198335647583008
217,nan,0.0,0.0006830011843703687,0.03183625638484955,0.02666035108268261,0.030423229560256004,0.24914537370204926,0.0968148335814476,13.027175903320312
218,nan,0.0,0.0006722037214785814,0.031336862593889236,0.02623222954571247,0.029924258589744568,0.24527262151241302,0.0952569767832756,12.859675407409668
219,nan,0.0,0.0006616416503675282,0.030847668647766113,0.025811869651079178,0.029435284435749054,0.2414829581975937,0.09373384714126587,12.69575309753418
220,nan,0.0,0.0006513092666864395,0.030368627980351448,0.025399276986718178,0.02895619161427021,0.23777413368225098,0.09224449843168259,12.535320281982422
221,nan,0.0,0.0006412019138224423,0.029899606481194496,0.024994445964694023,0.02848685160279274,0.23414397239685059,0.09078795462846756,12.378479957580566
222,nan,0.0,0.000631311209872365,0.02944043092429638,0.024597328156232834,0.028027113527059555,0.230590358376503,0.08936328440904617,12.230093002319336
223,nan,0.0,0.0006216333713382483,0.02899090200662613,0.02420787699520588,0.027576828375458717,0.22711126506328583,0.08796963095664978,12.084005355834961
224,nan,0.0,0.0006121617625467479,0.02855079248547554,0.02382601425051689,0.027135835960507393,0.22370469570159912,0.08660607784986496,11.940258026123047
225,nan,0.0,0.0006028899224475026,0.0281198900192976,0.02345164865255356,0.026703959330916405,0.22036868333816528,0.08527185022830963,11.798874855041504
226,nan,0.0,0.000593814067542553,0.027697965502738953,0.02308468334376812,0.02628103643655777,0.21710141003131866,0.08396614342927933,11.659859657287598
227,nan,0.0,0.0005849276203662157,0.027284787967801094,0.02272500842809677,0.02586689591407776,0.21390113234519958,0.08268816024065018,11.523201942443848
228,nan,0.0,0.0005762249347753823,0.026880137622356415,0.022372521460056305,0.025461345911026,0.21076600253582,0.0814371407032013,11.388879776000977
229,nan,0.0,0.0005677032168023288,0.026483796536922455,0.022027088329195976,0.025064216926693916,0.20769444108009338,0.0804256722331047,11.256861686706543
230,nan,0.0,0.000559355947189033,0.02609555795788765,0.02168859727680683,0.024675315245985985,0.2046847641468048,0.0797731801867485,11.127106666564941
231,nan,0.0,0.0005511784111149609,0.025715196505188942,0.021356914192438126,0.024294475093483925,0.20173534750938416,0.07908075302839279,10.999566078186035
232,nan,0.0,0.0005431677564047277,0.025342529639601707,0.021031901240348816,0.023921508342027664,0.19884468615055084,0.07835432887077332,10.878305435180664
233,nan,0.0,0.0005353183369152248,0.024977346882224083,0.020713437348604202,0.023556245490908623,0.19601133465766907,0.07759922742843628,10.759116172790527
234,nan,0.0,0.0005276274750940502,0.02461945451796055,0.02040138468146324,0.023198509588837624,0.19323383271694183,0.07682016491889954,10.641305923461914
235,nan,0.0,0.0005200894083827734,0.024268679320812225,0.02009560540318489,0.02284812368452549,0.19051073491573334,0.07602141052484512,10.524910926818848
236,nan,0.0,0.000512700411491096,0.02392483688890934,0.019795965403318405,0.022504908964037895,0.18784071505069733,0.07520675659179688,10.409948348999023
237,nan,0.0,0.0005054586799815297,0.023587746545672417,0.01950233429670334,0.022168701514601707,0.18522249162197113,0.07437952607870102,10.296422958374023
238,nan,0.0,0.000498358509503305,0.02325725555419922,0.019214577972888947,0.021839331835508347,0.18265478312969208,0.07354272902011871,10.184328079223633
239,nan,0.0,0.0004913961747661233,0.02293318323791027,0.018932564184069633,0.021516649052500725,0.1801362931728363,0.07269901782274246,10.073648452758789
240,nan,0.0,0.0004845707444474101,0.022615373134613037,0.018656162545084953,0.02120048739016056,0.17766591906547546,0.07185076177120209,9.964359283447266
241,nan,0.0,0.000477874738862738,0.02230367250740528,0.018385253846645355,0.02089068479835987,0.17524243891239166,0.07100005447864532,9.856428146362305
242,nan,0.0,0.0004713090602308512,0.02199793979525566,0.018119702115654945,0.02058708854019642,0.17286472022533417,0.07014872133731842,9.749822616577148
243,nan,0.0,0.000464868062408641,0.02169801853597164,0.017859386280179024,0.020289558917284012,0.17053164541721344,0.0692984014749527,9.644501686096191
244,nan,0.0,0.0004585499409586191,0.021403776481747627,0.01760418526828289,0.019997939467430115,0.16864870488643646,0.06845051795244217,9.544503211975098
245,nan,0.0,0.00045235088327899575,0.02111506462097168,0.017353979870676994,0.019712092354893684,0.16671214997768402,0.0676063522696495,9.445320129394531
246,nan,0.0,0.0004462671931833029,0.020831765606999397,0.017108654603362083,0.01943187415599823,0.16468879580497742,0.06676696985960007,9.346728324890137
247,nan,0.0,0.00044029788114130497,0.020553741604089737,0.016868090257048607,0.019157160073518753,0.16262735426425934,0.06593335419893265,9.248758316040039
248,nan,0.0,0.0004344410845078528,0.0202808640897274,0.01663217693567276,0.018887801095843315,0.16055741906166077,0.06510630995035172,9.151427268981934
249,nan,0.0,0.0004286902549210936,0.02001301757991314,0.016400810331106186,0.018623678013682365,0.15849687159061432,0.06428659707307816,9.054742813110352
250,nan,0.0,0.00042304632370360196,0.019750086590647697,0.01617387682199478,0.018364664167165756,0.15645626187324524,0.06347478181123734,8.95870304107666
251,nan,0.0,0.0004175064677838236,0.019491950049996376,0.015951279550790787,0.01811062917113304,0.15444181859493256,0.06267142295837402,8.863298416137695
252,nan,0.0,0.0004120669327676296,0.019238494336605072,0.015732912346720695,0.01786145567893982,0.15245702862739563,0.061876971274614334,8.768512725830078
253,nan,0.0,0.00040672492468729615,0.018989624455571175,0.015518677420914173,0.017617035657167435,0.15050369501113892,0.061091795563697815,8.674325942993164
254,nan,0.0,0.0004014795122202486,0.018745215609669685,0.015308473259210587,0.017377253621816635,0.14858263731002808,0.06031618267297745,8.580711364746094
255,nan,0.0,0.0003963288036175072,0.01850517839193344,0.015102211385965347,0.01714199222624302,0.1466941386461258,0.059550415724515915,8.487639427185059
256,nan,0.0,0.00039126997580751777,0.018269410356879234,0.014899798668920994,0.01691114902496338,0.14483797550201416,0.05879465118050575,8.3950777053833
257,nan,0.0,0.00038630212657153606,0.018037812784314156,0.014701144769787788,0.016684623435139656,0.1430138349533081,0.058049075305461884,8.305355072021484
258,nan,0.0,0.00038141958066262305,0.017810290679335594,0.014506160281598568,0.016462301835417747,0.14122119545936584,0.057313818484544754,8.217571258544922
259,nan,0.0,0.00037662425893358886,0.017586760222911835,0.014314762316644192,0.01624409854412079,0.1394595056772232,0.05658891052007675,8.129657745361328
260,nan,0.0,0.0003719114465638995,0.017367126420140266,0.014126867055892944,0.01602991297841072,0.13772813975811005,0.05587444826960564,8.041646003723145
261,nan,0.0,0.00036728207487612963,0.017151303589344025,0.013942396268248558,0.015819648280739784,0.136026531457901,0.05517043173313141,7.953557014465332
262,nan,0.0,0.00036273241857998073,0.016939204186201096,0.01376127079129219,0.015613221563398838,0.13435399532318115,0.054476846009492874,7.865407943725586
263,nan,0.0,0.0003582615463528782,0.01673075370490551,0.01358340959995985,0.015410542488098145,0.13270996510982513,0.05379367992281914,7.777207374572754
264,nan,0.0,0.0003538656746968627,0.016525859013199806,0.013408743776381016,0.015211519785225391,0.13109378516674042,0.05312086641788483,7.688960552215576
265,nan,0.0,0.0003495476266834885,0.01632445491850376,0.013237202540040016,0.015016078017652035,0.12950491905212402,0.05245835706591606,7.600669860839844
266,nan,0.0,0.00034530082484707236,0.01612645760178566,0.013068710453808308,0.014824118465185165,0.127942755818367,0.051806073635816574,7.512336254119873
267,nan,0.0,0.00034112625871784985,0.01593180187046528,0.012903195805847645,0.014635573141276836,0.1264066845178604,0.051163945347070694,7.423960208892822
268,nan,0.0,0.00033702104701660573,0.01574040949344635,0.012740597128868103,0.014450367540121078,0.12489623576402664,0.05053185671567917,7.335544586181641
269,nan,0.0,0.00033298524795100093,0.01555220689624548,0.01258084736764431,0.014268423430621624,0.12341077625751495,0.04990968853235245,7.2470903396606445
270,nan,0.0,0.00032901790109463036,0.015367134474217892,0.012423881329596043,0.014089671894907951,0.12194985151290894,0.049297355115413666,7.158604145050049
271,nan,0.0,0.0003251143207307905,0.015185127966105938,0.0122696403414011,0.013914027251303196,0.1205129474401474,0.04869470000267029,6.761717319488525
272,nan,0.0,0.00032127636950463057,0.015006117522716522,0.012118070386350155,0.01374143548309803,0.11909952759742737,0.048101622611284256,6.480609893798828
273,nan,0.0,0.00031750122434459627,0.014830033294856548,0.011969100683927536,0.01357182301580906,0.11770910024642944,0.04751797020435333,6.348044395446777
274,nan,0.0,0.00031378798303194344,0.014656824991106987,0.01182267814874649,0.013405121862888336,0.11634119600057602,0.04694361612200737,6.249566078186035
275,nan,0.0,0.0003101338224951178,0.014486433938145638,0.01167875062674284,0.013241280801594257,0.11499535292387009,0.046378400176763535,6.159028053283691
276,nan,0.0,0.0003065406053792685,0.014318789355456829,0.011537265032529831,0.013080223463475704,0.11367111653089523,0.04582221806049347,6.070496559143066
277,nan,0.0,0.0003030046063940972,0.014153841882944107,0.011398161761462688,0.012921891175210476,0.11236803233623505,0.04527490586042404,5.982649326324463
278,nan,0.0,0.0002995248360093683,0.013991537503898144,0.011261395178735256,0.012766224332153797,0.11108571290969849,0.04473631829023361,5.898403167724609
279,nan,0.0,0.00029610228375531733,0.013831821270287037,0.011126911267638206,0.012613174505531788,0.10982367396354675,0.044206295162439346,5.812372207641602
280,nan,0.0,0.0002927322348114103,0.01367463730275631,0.010994666256010532,0.012462682090699673,0.1085815280675888,0.043684717267751694,5.72606086730957
281,nan,0.0,0.0002894165809266269,0.013519937172532082,0.010864611715078354,0.012314686551690102,0.1073588952422142,0.04317144677042961,5.640069484710693
282,nan,0.0,0.0002861534303519875,0.013367670588195324,0.010736696422100067,0.01216914877295494,0.1061553955078125,0.04266632720828056,5.554595470428467
283,nan,0.0,0.0002829418517649174,0.013217787258327007,0.010610876604914665,0.012026007287204266,0.10497061163187027,0.042169198393821716,5.469734191894531
284,nan,0.0,0.0002797780907712877,0.013070248067378998,0.010487114079296589,0.011885201558470726,0.10380419343709946,0.04167995974421501,5.3855485916137695
285,nan,0.0,0.0002766659017652273,0.01292499341070652,0.010365362279117107,0.011746699921786785,0.10265578329563141,0.04119843617081642,5.302096843719482
286,nan,0.0,0.0002736006281338632,0.012781982310116291,0.01024557650089264,0.011610440909862518,0.10152500867843628,0.0407245010137558,5.219430446624756
287,nan,0.0,0.0002705840743146837,0.012641176581382751,0.010127722285687923,0.011476383544504642,0.10041150450706482,0.04025799781084061,5.137598514556885
288,nan,0.0,0.0002676116127986461,0.012502525933086872,0.010011752136051655,0.0113444859161973,0.09931496530771255,0.039798807352781296,5.0566487312316895
289,nan,0.0,0.0002646860375534743,0.012365994974970818,0.009897635318338871,0.011214700527489185,0.09823507070541382,0.039346788078546524,4.976622104644775
290,nan,0.0,0.00026180545683018863,0.012231528759002686,0.00978532712906599,0.01108698733150959,0.09717150032520294,0.038901813328266144,4.897560119628906
291,nan,0.0,0.00025896800798363984,0.01209910400211811,0.009674797765910625,0.010961296036839485,0.09612391889095306,0.03846375271677971,4.822783946990967
292,nan,0.0,0.0002561737201176584,0.011968668550252914,0.009566006250679493,0.010837593115866184,0.09509200602769852,0.038032472133636475,4.746863842010498
293,nan,0.0,0.00025341971195302904,0.011840189807116985,0.009458918124437332,0.010715831071138382,0.09407548606395721,0.03760784864425659,4.671172618865967
294,nan,0.0,0.0002507079334463924,0.01171362679451704,0.00935350265353918,0.010595977306365967,0.09307409077882767,0.03718976676464081,4.596325397491455
295,nan,0.0,0.0002480364637449384,0.011588949710130692,0.00924971979111433,0.01047799177467823,0.09208747744560242,0.03677808865904808,4.522518157958984
296,nan,0.0,0.0002454043715260923,0.011466119438409805,0.009147544391453266,0.010361837223172188,0.09111539274454117,0.036372724920511246,4.449820041656494
297,nan,0.0,0.00024281354853883386,0.011345099657773972,0.009046942926943302,0.010247476398944855,0.09015756845474243,0.035973526537418365,4.378261089324951
298,nan,0.0,0.00024025741731747985,0.011225852183997631,0.008947880938649178,0.01013487670570612,0.08921372890472412,0.03558037802577019,4.307860851287842
299,nan,0.0,0.00023774159490130842,0.01110835187137127,0.00885032955557108,0.010024000890552998,0.08828362822532654,0.03519318252801895,4.23862886428833
300,nan,0.0,0.00023525954748038203,0.010992562398314476,0.00875425897538662,0.009914811700582504,0.08736700564622879,0.03481180965900421,4.170574188232422
301,nan,0.0,0.00023281593166757375,0.010878455825150013,0.008659646846354008,0.00980728305876255,0.08646363019943237,0.034436170011758804,4.103701591491699
302,nan,0.0,0.0002304070076206699,0.010765991173684597,0.008566455915570259,0.009701378643512726,0.0855732187628746,0.03406614065170288,4.038016319274902
303,nan,0.0,0.0002280327898915857,0.010655148886144161,0.008474664762616158,0.009597069583833218,0.08469554781913757,0.03370162844657898,3.973517417907715
304,nan,0.0,0.00022569233260583133,0.010545889846980572,0.008384243585169315,0.009494325146079063,0.08383035659790039,0.03334253281354904,3.910202980041504
305,nan,0.0,0.00022338467533700168,0.010438192635774612,0.008295165374875069,0.009393109939992428,0.08297747373580933,0.032988741993904114,3.8492274284362793
306,nan,0.0,0.00022111079306341708,0.01033202838152647,0.008207407779991627,0.009293396957218647,0.08213665336370468,0.03264016658067703,3.7894976139068604
307,nan,0.0,0.0002188687794841826,0.01022736169397831,0.008120949380099773,0.009195161052048206,0.08130767941474915,0.03229670599102974,3.7300586700439453
308,nan,0.0,0.0002166595950257033,0.010124173946678638,0.008035753853619099,0.009098378010094166,0.080490343272686,0.03195827454328537,3.6715049743652344
309,nan,0.0,0.00021447947074193507,0.01002243347465992,0.007951806299388409,0.009003013372421265,0.07968440651893616,0.03162476047873497,3.61401629447937
310,nan,0.0,0.0002123312297044322,0.009922116994857788,0.007869081571698189,0.00890903826802969,0.07888969033956528,0.03129608929157257,3.5576415061950684
311,nan,0.0,0.0002102129947161302,0.00982319563627243,0.007787555456161499,0.008816433139145374,0.07810598611831665,0.030972162261605263,3.5023887157440186
312,nan,0.0,0.00020812383445445448,0.00972564797848463,0.00770720187574625,0.008725169114768505,0.07733309268951416,0.030652908608317375,3.4482505321502686
313,nan,0.0,0.00020606278849299997,0.009629449807107449,0.007628006394952536,0.008635221049189568,0.07657086104154587,0.030338222160935402,3.3952157497406006
314,nan,0.0,0.00020403176313266158,0.00953457411378622,0.00754994573071599,0.00854656845331192,0.07581907510757446,0.03002803586423397,3.3432703018188477
315,nan,0.0,0.00020202792074996978,0.00944100134074688,0.007472998928278685,0.008459177799522877,0.07507751882076263,0.029722265899181366,3.292400360107422
316,nan,0.0,0.0002000512758968398,0.009348706342279911,0.007397142704576254,0.008373036049306393,0.07434608042240143,0.02942083589732647,3.2425899505615234
317,nan,0.0,0.00019810182857327163,0.009257667697966099,0.007322362624108791,0.008288118988275528,0.07362455129623413,0.029123660176992416,3.1938228607177734
318,nan,0.0,0.00019617863290477544,0.009167862124741077,0.007248635869473219,0.008204400539398193,0.07291276752948761,0.02883066050708294,3.1460838317871094
319,nan,0.0,0.00019428170344326645,0.009079267270863056,0.007175944279879332,0.008121863938868046,0.07221052795648575,0.028541766107082367,3.099355936050415
320,nan,0.0,0.0001924100797623396,0.008991869166493416,0.007104271557182074,0.00804048590362072,0.0715176910161972,0.028256909921765327,3.053621768951416
321,nan,0.0,0.00019056376186199486,0.008905640803277493,0.007033593952655792,0.007960241287946701,0.07083410024642944,0.027976019307971,3.0088648796081543
322,nan,0.0,0.0001887418475234881,0.008820564486086369,0.00696389377117157,0.00788111612200737,0.07015959173440933,0.02769901417195797,2.9650685787200928
323,nan,0.0,0.00018694429309107363,0.008736617863178253,0.006895157974213362,0.0078030843287706375,0.06949404627084732,0.027425827458500862,2.9223320484161377
324,nan,0.0,0.0001851701963460073,0.008653778582811356,0.0068273660726845264,0.00772613100707531,0.06883728504180908,0.027156399562954903,2.8834972381591797
325,nan,0.0,0.0001834195281844586,0.008572039194405079,0.006760504096746445,0.007650235667824745,0.06818912923336029,0.02689065970480442,2.8435442447662354
326,nan,0.0,0.00018169231771025807,0.008491374552249908,0.006694561801850796,0.007575374096632004,0.06754947453737259,0.026628540828824043,2.8037421703338623
327,nan,0.0,0.0001799885358195752,0.008411767892539501,0.006629508920013905,0.007501537445932627,0.06691816449165344,0.026369985193014145,2.7645437717437744
328,nan,0.0,0.00017830633441917598,0.008333198726177216,0.0065653384663164616,0.007428704760968685,0.0662950649857521,0.026114922016859055,2.7261059284210205
329,nan,0.0,0.00017664568440522999,0.008255649358034134,0.006502033211290836,0.007356862537562847,0.06568003445863724,0.02586330473423004,2.688474178314209
330,nan,0.0,0.00017500661488156766,0.008179103024303913,0.006439580116420984,0.007285981439054012,0.0650729387998581,0.02561505325138569,2.651655912399292
331,nan,0.0,0.00017338909674435854,0.008103549480438232,0.006377964746206999,0.007216054480522871,0.06447364389896393,0.025370145216584206,2.6156420707702637
332,nan,0.0,0.00017179128190036863,0.008028965443372726,0.006317174062132835,0.007147067692130804,0.063882015645504,0.025128498673439026,2.58042049407959
333,nan,0.0,0.00017021503299474716,0.007955336011946201,0.006257187109440565,0.007078994996845722,0.06329795718193054,0.024890054017305374,2.5459752082824707
334,nan,0.0,0.0001686594041530043,0.007882648147642612,0.006197997834533453,0.007011826150119305,0.06272134929895401,0.024654779583215714,2.512291193008423
335,nan,0.0,0.00016712440992705524,0.0078108846209943295,0.006139588542282581,0.0069455476477742195,0.06215200945734978,0.024422582238912582,2.4793529510498047
336,nan,0.0,0.00016560724179726094,0.007740030996501446,0.006081945728510618,0.006880142726004124,0.061589889228343964,0.02419343777000904,2.447143316268921
337,nan,0.0,0.0001641097478568554,0.0076700737699866295,0.006025055889040232,0.006815595086663961,0.06103484705090523,0.023967290297150612,2.415647506713867
338,nan,0.0,0.0001626300800126046,0.007600997108966112,0.005968908779323101,0.006751894019544125,0.060486748814582825,0.02374410256743431,2.3848509788513184
339,nan,0.0,0.00016116916958708316,0.007532788906246424,0.005913490895181894,0.00668902276083827,0.05994550511240959,0.023523805662989616,2.3547377586364746
340,nan,0.0,0.0001597279479028657,0.0074654314666986465,0.005858791992068291,0.00662696547806263,0.05941099673509598,0.023306366056203842,2.3252944946289062
341,nan,0.0,0.00015830453776288778,0.007398910354822874,0.005804798100143671,0.006565714720636606,0.05888313055038452,0.023091726005077362,2.2965047359466553
342,nan,0.0,0.00015689800784457475,0.007333217654377222,0.0057514989748597145,0.006505250930786133,0.05836177617311478,0.022879837080836296,2.2683537006378174
343,nan,0.0,0.00015550835814792663,0.00726833613589406,0.0056988815777003765,0.0064455666579306126,0.057846855372190475,0.022670667618513107,2.240828037261963
344,nan,0.0,0.00015413651999551803,0.007204253226518631,0.005646935664117336,0.0063866423442959785,0.05733823776245117,0.02246415801346302,2.2139129638671875
345,nan,0.0,0.00015278249338734895,0.007140959147363901,0.005595650058239698,0.006328471004962921,0.05688152089715004,0.02226027473807335,2.1875946521759033
346,nan,0.0,0.00015144348435569555,0.007078438997268677,0.005545015446841717,0.006271036341786385,0.056595779955387115,0.02205898053944111,2.1618599891662598
347,nan,0.0,0.00015012227231636643,0.007016682997345924,0.005495014600455761,0.006214328110218048,0.05626823008060455,0.021860219538211823,2.1366937160491943
348,nan,0.0,0.000148816077853553,0.006955678109079599,0.00544564425945282,0.006158339790999889,0.05590909719467163,0.0216639693826437,2.1120834350585938
349,nan,0.0,0.00014752581773791462,0.006895407568663359,0.005396890453994274,0.00610305042937398,0.05552637577056885,0.021470170468091965,2.088015556335449
350,nan,0.0,0.00014625057519879192,0.006835868116468191,0.005348746199160814,0.006048457697033882,0.055126313120126724,0.02127878926694393,2.065122365951538
351,nan,0.0,0.00014499125245492905,0.0067770457826554775,0.005301201716065407,0.005994548089802265,0.05471383407711983,0.02108977921307087,2.044203281402588
352,nan,0.0,0.00014374787861015648,0.006718924734741449,0.005254250485450029,0.005941304378211498,0.05429275333881378,0.02090311609208584,2.0225436687469482
353,nan,0.0,0.00014251950778998435,0.006661500781774521,0.0052078780718147755,0.005888720043003559,0.05386607348918915,0.020718755200505257,2.0008347034454346
354,nan,0.0,0.00014130427734926343,0.006604758556932211,0.005162074230611324,0.005836788564920425,0.05343613028526306,0.02053666114807129,1.979371190071106
355,nan,0.0,0.00014010496670380235,0.006548690143972635,0.00511682964861393,0.005785492714494467,0.05300472676753998,0.020356809720396996,1.9582724571228027
356,nan,0.0,0.00013891879643779248,0.006493286695331335,0.005072140134871006,0.005734826438128948,0.05257328599691391,0.020179152488708496,1.9375845193862915
357,nan,0.0,0.00013774668332189322,0.006438532378524542,0.005027999635785818,0.005684779491275549,0.05214289203286171,0.020003661513328552,1.9173200130462646
358,nan,0.0,0.00013658864190801978,0.006384424865245819,0.004984389990568161,0.005635338369756937,0.051714375615119934,0.01983029395341873,1.8974777460098267
359,nan,0.0,0.00013544372632168233,0.00633094971999526,0.004941308870911598,0.005586499813944101,0.051288407295942307,0.019659020006656647,1.8780509233474731
360,nan,0.0,0.00013431288243737072,0.006278099026530981,0.004898748826235533,0.005538247060030699,0.05086545646190643,0.01948980987071991,1.8590288162231445
