subsetID,Q_peak,Qpeak_reduction,cost,floodedArea,n,rank,distance,subsetID.1,orig_subsetID
_500002,161.38812255859375,3.24542236328125,19570.15354341025,14376.871271,0.0,0.0,inf,500225.0,u_500225
_500003,161.3037567138672,3.3297882080078125,19788.793844207623,33264.312291,0.0,0.0,0.016611806307587833,200001.0,u_200001
_500004,160.9883270263672,3.645217895507813,23048.253490689887,18099.735824,0.0,0.0,0.021313648920097496,390100.0,u_390100
_500005,160.81820678710938,3.815338134765625,26820.6768153887,22331.287185,0.0,0.0,0.035593175900897694,110235.0,u_110235
_500006,160.12185668945312,4.511688232421875,29576.985598111867,23711.1593872,0.0,0.0,0.05452403852899154,160054.0,u_160054
_500007,159.47068786621094,5.162857055664063,34927.881047780815,26161.4379442,0.0,0.0,0.04739707073294459,470286.0,u_470286
_500008,159.09616088867188,5.537384033203125,50283.311553621,36784.8119848,0.0,0.0,0.054443753575897494,420180.0,u_420180
_500009,158.21031188964844,6.4232330322265625,51007.24963732571,48208.0861992,0.0,0.0,0.056484270688800534,440296.0,u_440296
_500010,157.72213745117188,6.911407470703125,60739.08097692059,60516.7452132,0.0,0.0,0.038788031566447015,400151.0,u_400151
_500011,157.33999633789062,7.293548583984375,65053.2959055198,57458.1594352,0.0,0.0,0.020085834049877682,500319.0,u_500319
_500014,157.2646484375,7.368896484375,67374.30235503166,59169.48112619999,0.0,0.0,0.006415291895344272,450336.0,u_450336
_500015,157.2176971435547,7.415847778320312,69405.79913359485,61154.1825152,0.0,0.0,0.03931730077138709,500056.0,u_500056
_500017,156.30763244628906,8.325912475585938,74596.76974099259,48703.8986599,0.0,0.0,0.0582384477230589,500126.0,u_500126
_500019,155.9119110107422,8.721633911132812,90584.6124740773,81674.62568100002,0.0,0.0,0.03970708603253049,390231.0,u_390231
_500021,155.5157470703125,9.1177978515625,98262.26566483622,76263.72941300001,0.0,0.0,0.03330168639582312,310083.0,u_310083
_500023,155.15975952148438,9.473785400390623,102181.04621646593,79141.247212,0.0,0.0,0.022239244247775118,420248.0,u_420248
_500029,155.09194946289062,9.541595458984377,113366.08598935812,114367.649511,0.0,0.0,0.018800717189846883,500091.0,u_500091
_500033,154.8369140625,9.796630859375,118271.0197856636,86065.602415,0.0,0.0,0.027167346036038705,490238.0,u_490238
_500034,154.4798583984375,10.1536865234375,122967.99524204303,92236.328114,0.0,0.0,0.018353053179910442,500335.0,u_500335
_500039,154.4753875732422,10.158157348632812,129630.59150870432,106441.331189,0.0,0.0,0.028856067140810838,470220.0,u_470220
_500040,153.8477325439453,10.785812377929688,134855.55445795006,86211.37311200002,0.0,0.0,0.045651435547329026,430339.0,u_430339
_500046,153.438720703125,11.19482421875,145003.96003354422,90348.025603,0.0,0.0,0.04914455622884574,490153.0,u_490153
_500049,152.71719360351562,11.916351318359377,150041.1820406043,69788.91892689999,0.0,0.0,0.03569037317715798,490311.0,u_490311
_500053,152.6768798828125,11.9566650390625,161581.95155527545,75602.2472819,0.0,0.0,0.020092895474245198,470078.0,u_470078
_500054,152.42950439453125,12.20404052734375,172613.47977992066,70003.8619344,0.0,0.0,0.016887345013867947,440235.0,u_440235
_500058,152.41262817382812,12.220916748046877,178447.44843461705,89413.3138179,0.0,0.0,0.028857197295809565,500137.0,u_500137
_500059,151.75302124023438,12.880523681640623,180345.08519907267,79293.7630109,0.0,0.0,0.037312871277483534,450194.0,u_450194
_500069,151.6774444580078,12.956100463867188,201525.419885464,96685.971482,0.0,0.0,0.019112325890478114,490313.0,u_490313
_500070,151.5270538330078,13.106491088867188,206286.2680465712,86957.81654219999,0.0,0.0,0.020453190392970437,480242.0,u_480242
_500073,151.275390625,13.358154296875,214263.81537595336,111796.295711,0.0,0.0,0.031410175267669656,420318.0,u_420318
_500078,150.91505432128906,13.718490600585938,226358.6615601176,119327.25138,0.0,0.0,0.027613978573099367,470139.0,u_470139
_500080,150.71437072753906,13.919174194335938,229755.22646282884,125832.39231799998,0.0,0.0,0.033021132011641946,500324.0,u_500324
_500088,150.33999633789062,14.293548583984377,253866.7977373128,113781.097234,0.0,0.0,0.030960291213451268,500280.0,u_500280
_500089,150.27500915527344,14.358535766601562,264904.0581845276,118744.062993,0.0,0.0,0.020361857097522355,340047.0,u_340047
_500090,149.958740234375,14.6748046875,268329.8864272377,119848.9263109,0.0,0.0,0.014379061437352627,500027.0,u_500027
_500091,149.95724487304688,14.676300048828123,270567.5717123104,120565.7102499,0.0,0.0,0.010384939245358972,430290.0,u_430290
_500092,149.79005432128906,14.843490600585938,278121.67312639847,124642.1059739,0.0,0.0,0.03105311619138191,470070.0,u_470070
_500097,149.46701049804688,15.166534423828123,301175.6850801893,140328.48106957998,0.0,0.0,0.024609108717488365,490235.0,u_490235
_500098,149.42349243164062,15.210052490234377,304435.23042665253,128319.76942,0.0,0.0,0.013239430642972548,500044.0,u_500044
_500099,149.18881225585938,15.444732666015623,307738.6487539141,131072.831965,0.0,0.0,0.03282485224171144,430059.0,u_430059
_500102,148.70057678222656,15.932968139648438,317596.9146927105,138666.02720399998,0.0,0.0,0.038253185836471054,470047.0,u_470047
_500105,148.50390625,16.129638671875,337849.0443441761,139367.92778568,0.0,0.0,0.021259166262032534,480341.0,u_480341
_500106,148.36477661132812,16.268768310546875,338534.31739345903,126982.647781,0.0,0.0,0.022965511687156298,460356.0,u_460356
_500108,148.0843048095703,16.549240112304688,355137.0970495016,140978.74067299996,0.0,0.0,0.033455436027428585,450248.0,u_450248
_500110,147.78451538085938,16.849029541015625,366625.52049532096,154372.0559439,0.0,0.0,0.04337278828337977,500209.0,u_500209
_500113,147.3578338623047,17.275711059570312,393974.3851709992,168460.3831639,0.0,0.0,0.04103480590406415,460252.0,u_460252
_500115,147.08473205566406,17.548812866210938,402199.9600994587,123178.55078,0.0,0.0,0.025888206092600015,470189.0,u_470189
_500116,146.8257293701172,17.807815551757812,407921.392063142,129789.248107,0.0,0.0,0.022215199582210927,470111.0,u_470111
_500118,146.6462860107422,17.987258911132812,415871.1199902212,133307.911848,0.0,0.0,0.020089299422675826,500193.0,u_500193
_500120,146.60154724121094,18.031997680664062,436438.9603226872,210997.02108698,0.0,0.0,0.0188279649044887,430332.0,u_430332
_500126,146.57901000976562,18.05453491210937,455989.32109186,235383.7339433,0.0,0.0,0.02276029682642184,500293.0,u_500293
_500127,146.2820587158203,18.351486206054688,462607.1332087946,220658.86760998,0.0,0.0,0.022750063293935155,470172.0,u_470172
_500130,146.13052368164062,18.50302124023437,470038.007694938,138990.05057649998,0.0,0.0,0.016421913476361738,500095.0,u_500095
_500133,146.1102294921875,18.5233154296875,486990.0921078032,219675.7916113,0.0,0.0,0.015833901497208744,500023.0,u_500023
_500134,145.9542694091797,18.679275512695312,492556.18339381047,140206.6399672,0.0,0.0,0.017345507851478682,480264.0,u_480264
_500137,145.7660369873047,18.867507934570312,497490.4308723016,144832.14060319998,0.0,0.0,0.018476963190034414,500015.0,u_500015
_500138,145.61366271972656,19.01988220214844,506182.6365905494,133319.744668,0.0,0.0,0.01672736688719325,470219.0,u_470219
_500140,145.46493530273438,19.168609619140625,510506.56860583567,137099.116655,0.0,0.0,0.023341306851564048,440312.0,u_440312
_500141,145.1131134033203,19.520431518554688,516808.0109960831,151507.843987,0.0,0.0,0.02639423123108528,450264.0,u_450264
_500143,144.9784393310547,19.655105590820312,529977.3735473796,155836.06345800002,0.0,0.0,0.016245317026944414,480063.0,u_480063
_500147,144.91053771972656,19.72300720214844,537872.8716709096,155939.224204,0.0,0.0,0.014726019441072845,500140.0,u_500140
_500149,144.83387756347656,19.79966735839844,552735.0977540193,167410.59005929995,0.0,0.0,0.0244558926311171,500214.0,u_500214
_500150,144.64456176757812,19.988983154296875,573239.1153549794,133268.3765912,0.0,0.0,0.02337072813311896,490169.0,u_490169
_500157,144.63327026367188,20.000274658203125,591554.2303488704,170994.62362849998,0.0,0.0,0.020059799708878782,490330.0,u_490330
_500158,144.3281707763672,20.30537414550781,593038.8563386395,156494.3780723,0.0,0.0,0.019601090049625357,460122.0,u_460122
_500163,144.27772521972656,20.35581970214844,606551.9848462897,171086.9386143,0.0,0.0,0.01496698735059771,500158.0,u_500158
_500165,144.25279235839844,20.38075256347656,622877.074431215,192857.3806279,0.0,0.0,0.011155349342643193,480109.0,u_480109
_500166,144.20765686035156,20.42588806152344,627489.3738577035,165067.4048813,0.0,0.0,0.019275014357032855,480083.0,u_480083
_500168,143.8570098876953,20.776535034179688,633298.3168974567,164787.1599422,0.0,0.0,0.033629898011359974,500118.0,u_500118
_500174,143.6600799560547,20.973464965820312,659075.0976549073,170589.16751419997,0.0,0.0,0.026423067445527918,490244.0,u_490244
_500180,143.6034393310547,21.030105590820312,674678.2628550439,195225.8104322,0.0,0.0,0.019815270712782863,380255.0,u_380255
_500182,143.33462524414062,21.29891967773437,677422.1093340891,146254.46454850002,0.0,0.0,0.02095197351554698,470268.0,u_470268
_500185,143.20309448242188,21.430450439453125,688806.7764913784,159934.9552185,0.0,0.0,0.014320844242131179,480259.0,u_480259
_500188,143.17990112304688,21.453643798828125,698227.9825289058,162583.03493959998,0.0,0.0,0.007296908205727376,500294.0,u_500294
_500190,143.17184448242188,21.461700439453125,703869.517274332,154721.8919405,0.0,0.0,0.012326064260648886,490229.0,u_490229
_500192,143.05795288085938,21.575592041015625,717188.0777299886,179642.65909919998,0.0,0.0,0.01155855333425288,500030.0,u_500030
_500194,143.02163696289062,21.61190795898437,718287.6337856706,176588.3062492,0.0,0.0,0.009477364391146721,480257.0,u_480257
_500196,142.8506317138672,21.78291320800781,721119.7135399845,197311.7959461,0.0,0.0,0.0208245407406972,490171.0,u_490171
_500201,142.7955322265625,21.8380126953125,748437.8933606846,194166.5087363,0.0,0.0,0.0186994790779324,500109.0,u_500109
_500202,142.65785217285156,21.97569274902344,749154.4500587592,176442.4089255,0.0,0.0,0.019794104769081108,490156.0,u_490156
_500205,142.49880981445312,22.134735107421875,769426.5253288129,185356.3552314,0.0,0.0,0.017465354837250126,490288.0,u_490288
_500206,142.44281005859375,22.19073486328125,772058.8641650937,190351.126233,0.0,0.0,0.010394011645123775,500145.0,u_500145
_500208,142.39305114746094,22.240493774414062,785140.4575924585,163739.218039,0.0,0.0,0.014871355170219085,500059.0,u_500059
_500210,142.2418670654297,22.391677856445312,789888.9052906978,189569.9219312,0.0,0.0,0.025598903985898716,460071.0,u_460071
_500213,142.1217498779297,22.511795043945312,822825.8426986295,202077.434397,0.0,0.0,0.02359927932431175,500234.0,u_500234
_500216,141.9829864501953,22.650558471679688,823808.1523481268,223509.447629,0.0,0.0,0.008548758465190915,490183.0,u_490183
_500217,141.97418212890625,22.65936279296875,830069.947983227,232954.937809,0.0,0.0,0.01239916589497122,500110.0,u_500110
_500219,141.89105224609375,22.74249267578125,845762.4813339924,219296.678469,0.0,0.0,0.02514080406321601,480261.0,u_480261
_500222,141.79095458984375,22.84259033203125,874883.1536297044,226268.8355483,0.0,0.0,0.020124364664725055,490077.0,u_490077
_500223,141.77633666992188,22.857208251953125,884629.6035359505,197079.051038,0.0,0.0,0.010749960408855126,460354.0,u_460354
_500225,141.67608642578125,22.95745849609375,890620.7132916248,223642.1858313,0.0,0.0,0.01919440786480211,500136.0,u_500136
_500228,141.62355041503906,23.009994506835938,917634.3178295938,206770.81957,0.0,0.0,0.02118740619746655,500134.0,u_500134
_500231,141.499267578125,23.13427734375,926286.543520278,209712.663793,0.0,0.0,0.012086814658817016,480080.0,u_480080
_500232,141.44329833984375,23.19024658203125,930538.1705639248,228688.5779492,0.0,0.0,0.013002439252927663,500082.0,u_500082
_500235,141.40838623046875,23.22515869140625,949827.1254112532,211544.253145,0.0,0.0,0.010575002694920852,500165.0,u_500165
_500236,141.4063720703125,23.2271728515625,953151.8030370892,211543.196316,0.0,0.0,0.007522890942981527,490070.0,u_490070
_500237,141.2943115234375,23.3392333984375,957681.8195785712,210055.671719,0.0,0.0,0.021268794505281335,460059.0,u_460059
_500240,141.1934814453125,23.4400634765625,985636.3919866546,242696.560071,0.0,0.0,0.03639017284137234,500100.0,u_500100
_500246,141.05384826660156,23.57969665527344,1024867.3765027786,253947.6728535,0.0,0.0,0.024956733993361624,500326.0,u_500326
_500249,141.02784729003906,23.605697631835938,1031645.1969610518,274944.6076085,0.0,0.0,0.011627394599462694,500333.0,u_500333
_500252,140.95164489746094,23.681900024414062,1043955.8934983634,254456.2698625,0.0,0.0,0.02170778170923473,500159.0,u_500159
_500256,140.76864624023438,23.864898681640625,1060870.3768483554,264259.77005249995,0.0,0.0,0.02155653532690039,500276.0,u_500276
_500260,140.7512664794922,23.88227844238281,1078323.0773190674,270642.079425,0.0,0.0,0.02326470038588825,490208.0,u_490208
_500261,140.64556884765625,23.98797607421875,1106696.9225947172,304422.7746257,0.0,0.0,0.01805918082749928,490107.0,u_490107
_500262,140.63446044921875,23.99908447265625,1111901.9105789498,307142.8239187,0.0,0.0,0.01378739920730986,500259.0,u_500259
_500264,140.59561157226562,24.03793334960937,1136009.902803182,305008.44126960007,0.0,0.0,0.015410040222198178,490120.0,u_490120
_500265,140.5689239501953,24.064620971679688,1143755.3353436843,308457.9655106001,0.0,0.0,0.006439460221374217,500235.0,u_500235
_500266,140.53416442871094,24.099380493164062,1146127.2139303354,304392.1925566,0.0,0.0,0.003595474157270115,500250.0,u_500250
_500267,140.5091552734375,24.1243896484375,1147017.356448968,315416.89908560005,0.0,0.0,0.015056076251680874,480146.0,u_480146
_500271,140.4893341064453,24.144210815429688,1179049.1577904704,323374.87531760003,0.0,0.0,0.020402635526380396,490298.0,u_490298
_500272,140.46485900878906,24.168685913085938,1193172.831780302,320430.26449810003,0.0,0.0,0.010141459670068383,490149.0,u_490149
_500274,140.43179321289062,24.20175170898437,1198661.032543584,319403.0880191,0.0,0.0,0.012308573889940038,500198.0,u_500198
_500275,140.3865203857422,24.24702453613281,1216178.440849696,385980.8045678,0.0,0.0,0.015132531963108788,490099.0,u_490099
_500276,140.37242126464844,24.26112365722656,1230408.142364628,359234.1984618,0.0,0.0,0.015054345550766233,500260.0,u_500260
_500277,140.25975036621094,24.373794555664062,1241413.8204550445,423027.5174402,0.0,0.0,0.02044956625389676,470301.0,u_470301
_500279,140.2050323486328,24.428512573242188,1265138.726512205,358332.1155263,0.0,0.0,0.01850408831436344,490019.0,u_490019
_500280,140.17906188964844,24.45448303222656,1279475.9185613126,365541.5884083001,0.0,0.0,0.017413001952213514,500025.0,u_500025
_500283,140.15000915527344,24.48353576660156,1302916.702540261,378367.2787198,0.0,0.0,0.02236358408038922,500337.0,u_500337
_500284,140.12303161621094,24.510513305664062,1329366.5417999723,404278.0105998,0.0,0.0,0.02153428873611403,470288.0,u_470288
_500285,140.07899475097656,24.55455017089844,1349357.6179607734,424140.40578280005,0.0,0.0,0.013762991448752527,480180.0,u_480180
_500287,140.05166625976562,24.58187866210937,1356612.21255124,429161.7050088,0.0,0.0,0.02313948685029782,500164.0,u_500164
_500291,140.0167694091797,24.616775512695312,1400580.628192962,448295.2524550801,0.0,0.0,0.025253933520225324,500283.0,u_500283
_500292,140.01307678222656,24.62046813964844,1415264.9837859692,456359.06396098,0.0,0.0,0.06876824327217892,480324.0,u_480324
_500295,139.42466735839844,25.20887756347656,1514635.4465696416,216035.0847972,,0.0,0.09810378591486896,,m_490122
_500296,138.93885803222656,25.69468688964844,1556453.8267476473,210671.44850504005,,0.0,0.11210133994427016,,m_500230
_500297,138.30999755859375,26.32354736328125,1686546.727017401,212562.76648924,,0.0,0.11908998838424091,,m_500155
_500298,138.2354278564453,26.398117065429688,1784153.5788451924,233023.67544184,,0.0,0.08337398436787466,,m_500129
_500299,138.126708984375,26.5068359375,1874944.6580472148,273518.69235800003,,0.0,0.04444448875181627,,m_500161
_500300,138.06744384765625,26.56610107421875,1877994.667195216,273629.0613889,,0.0,0.04942861261048465,,m_490185
_500301,138.04049682617188,26.593048095703125,1988742.079733379,248146.36896408995,,0.0,0.05342195271290434,,m_500353
_500302,137.92276000976562,26.71078491210937,1996156.762092125,253985.10096759,,0.0,0.02676134700875201,,m_500099
_500303,137.7302703857422,26.90327453613281,2025644.3497252327,248056.45419155,,0.0,0.05149093609544432,,m_500335
_500304,137.24588012695312,27.387664794921875,2059661.0843864167,273212.94673704,,0.0,0.05089198101687176,,m_490129
_500305,136.85980224609375,27.77374267578125,2069521.8156596888,255431.16874199003,,0.0,0.053118485401948315,,m_500030
_500306,136.59005737304688,28.043487548828125,2129152.8133212016,267840.56751574995,,0.0,0.06512098910982644,,m_500190
_500307,135.97402954101562,28.65951538085937,2147050.0558626195,264306.12777559,,0.0,0.06662143976665921,,m_500195
_500308,135.87937927246094,28.754165649414062,2226796.9218167383,272395.58759108995,,0.0,0.055450961485969646,,m_500233
_500309,135.83929443359375,28.79425048828125,2271147.9963805964,273996.43414939,,0.0,0.044556105572642064,,m_490293
_500310,135.4410858154297,29.192459106445312,2295570.2375399563,277311.6318206499,,0.0,0.04031939178028371,,m_500243
_500311,135.36181640625,29.271728515625,2325800.722056565,278203.12108159,,0.0,0.08240674471795963,,m_490113
_500312,135.2980194091797,29.335525512695312,2485354.21364941,296002.41911358986,,0.0,inf,,m_490115
_500022,161.54840087890625,3.08514404296875,98700.66994802705,14579.23422596,,1.0,inf,,m_420026
_500030,161.33006286621094,3.3034820556640625,113477.3961606388,17186.9022591,,1.0,0.031237370084004398,,m_300074
_500032,160.91873168945312,3.714813232421875,116690.33384561675,17109.777024099996,,1.0,0.02681050717437094,,m_320118
_500035,160.75506591796875,3.87847900390625,125677.1949919624,17946.863864259998,,1.0,0.012630729285100832,,m_500074
_500037,160.7139892578125,3.9195556640625,128639.25715123376,16435.0460189,,1.0,0.014157384809648729,,m_490348
_500041,160.48880004882812,4.144744873046875,135622.3609364231,20941.5575229,,1.0,0.02915805890390991,,m_430140
_500044,160.09619140625,4.537353515625,142614.79182241467,22659.887643499995,,1.0,0.02774971096936612,,m_130031
_500047,159.8750457763672,4.7584991455078125,146504.3214720023,20005.8378112,,1.0,0.031662185771222415,,m_350225
_500051,159.43663024902344,5.1969146728515625,158849.42329226533,22254.3968427,,1.0,0.0509421715455613,,m_360238
_500060,158.90957641601562,5.723968505859375,181598.6601217379,25165.4796594,,1.0,0.04306967200057894,,m_480041
_500061,158.5510711669922,6.0824737548828125,182023.90559696383,27274.3661074,,1.0,0.03501379237072172,,m_490059
_500072,158.32936096191406,6.3041839599609375,213536.72524073423,27246.641507,,1.0,0.032293108048518246,,m_460003
_500074,158.05746459960938,6.576080322265625,215373.40956121567,29472.0211615,,1.0,0.032054987165184096,,m_440084
_500075,157.5093536376953,7.124191284179688,215697.21062727124,43403.1873444,,1.0,0.04231860751104846,,m_400115
_500082,157.13116455078125,7.50238037109375,232876.23958887483,42075.7278059,,1.0,0.033651456385822134,,m_320146
_500084,156.8840789794922,7.7494659423828125,240051.5014918077,42821.2126347,,1.0,0.038728881640591475,,m_350250
_500085,156.2593231201172,8.374221801757812,246633.3753835003,31970.294887494,,1.0,0.0479577833924894,,m_480079
_500093,156.0448760986328,8.588668823242188,279625.15944893926,46491.2542347,,1.0,0.05088313808866203,,m_470143
_500094,155.3866424560547,9.246902465820312,290281.600249138,52425.71254089999,,1.0,0.049405632680040376,,m_490354
_500103,155.1973114013672,9.436233520507812,321984.9348805279,52649.53409749999,,1.0,0.0281936533696285,,m_430283
_500104,155.02015686035156,9.613388061523438,325441.0235918395,54872.6828537,,1.0,0.03605757079624102,,m_500016
_500107,154.59983825683594,10.033706665039062,354878.7289277752,59864.5476878,,1.0,0.040836605448555996,,m_490225
_500109,154.33682250976562,10.296722412109377,362068.9253972604,61047.0794537,,1.0,0.029542537856119037,,m_460060
_500111,154.00088500976562,10.632659912109377,371569.0908568436,66999.738521,,1.0,0.05808391876647976,,m_410169
_500112,152.94921875,11.684326171875,375195.8517420663,56634.1466884,,1.0,0.0564825841863717,,m_490090
_500114,152.76319885253906,11.870346069335938,394803.0706667149,58250.480281200005,,1.0,0.03808610707273405,,m_500091
_500117,152.3171844482422,12.316360473632812,409851.2798680057,57141.612035790014,,1.0,0.03983516940048952,,m_480072
_500119,152.01205444335938,12.621490478515623,422604.0819482802,58332.58159585999,,1.0,0.05717068191599146,,m_500186
_500122,151.1531219482422,13.480422973632812,441684.5823770817,79406.72865390002,,1.0,0.04856353845159639,,m_450322
_500125,151.06976318359375,13.56378173828125,454006.2992791952,75413.45611150001,,1.0,0.025296931725524698,,m_500283
_500128,150.77108764648438,13.862457275390623,468243.53906025714,82433.21873390001,,1.0,0.027101642694446777,,m_490240
_500131,150.56568908691406,14.067855834960938,473573.38235421525,79445.68527660001,,1.0,0.04534963510273632,,m_470099
_500132,149.74815368652344,14.885391235351562,484160.2686226255,80966.65991910001,,1.0,0.060870336109434695,,m_490330
_500145,149.5869598388672,15.046585083007812,531905.2436225845,83472.27861590001,,1.0,0.05124407049330653,,m_500087
_500153,149.4372100830078,15.196334838867188,581364.4099519346,84425.2924117,,1.0,0.03610968920781447,,m_490324
_500155,149.1916046142578,15.441940307617188,583877.2156611377,85484.2934278,,1.0,0.017321224795462633,,m_500314
_500159,149.11221313476562,15.521331787109377,593604.5608217865,86481.3105296,,1.0,0.02575647671608846,,m_440218
_500164,148.79510498046875,15.83843994140625,610213.1067197744,96195.8457104,,1.0,0.03373877536955977,,m_490139
_500167,148.6328125,16.000732421875,631850.6524396808,94221.44219840002,,1.0,0.03286503052055094,,m_460098
_500169,148.23330688476562,16.400238037109375,638579.5176375534,89660.1166929,,1.0,0.02318142564774149,,m_460171
_500172,148.17164611816406,16.461898803710938,645774.1607709399,91384.6321494,,1.0,0.007532591826042427,,m_490060
_500173,148.12754821777344,16.505996704101562,647237.8065220368,92238.0000325,,1.0,0.010424525645189427,,m_500059
_500178,148.12222290039062,16.511322021484375,666845.0917890089,97465.7165304,,1.0,0.019637202598472056,,m_500242
_500179,147.8743438720703,16.759201049804688,671919.609392737,91819.18233526,,1.0,0.017618383298018746,,m_450115
_500181,147.75450134277344,16.879043579101562,675812.3045391366,92123.00730316,,1.0,0.014358598976337972,,m_500033
_500183,147.56149291992188,17.072052001953125,677993.3185944642,99798.226769,,1.0,0.024444254290450947,,m_460344
_500186,147.3056640625,17.327880859375,694005.5966044737,94338.93016726,,1.0,0.031039633244580773,,m_480162
_500193,147.16664123535156,17.466903686523438,717510.8370996788,103562.134215,,1.0,0.01655089216985474,,m_500000
_500195,147.13697814941406,17.496566772460938,719001.29174022,96719.48796556002,,1.0,0.011284022833091142,,m_500042
_500198,146.92994689941406,17.703598022460938,723143.4065600535,107240.9418292,,1.0,0.02913647414002156,,m_490086
_500200,146.64137268066406,17.992172241210938,744379.8101460094,109399.7438421,,1.0,0.02275573866187644,,m_460055
_500203,146.63555908203125,17.99798583984375,751653.6692526396,109598.9618769,,1.0,0.027327516382600097,,m_490148
_500204,146.02114868164062,18.61239624023437,753614.157595311,119438.1225574,,1.0,0.04972182020122215,,m_500210
_500211,145.99545288085938,18.638092041015625,814243.4684291043,115072.8477258,,1.0,0.05340896251958796,,m_500201
_500218,145.55018615722656,19.08335876464844,841153.8023437295,115755.7939571,,1.0,0.05428684171416164,,m_500071
_500221,145.15646362304688,19.477081298828125,869443.2458453898,125344.7943684,,1.0,0.03619913952482606,,m_470169
_500224,145.07769775390625,19.55584716796875,886114.680345182,129017.16503444,,1.0,0.026676977660802736,,m_500023
_500227,144.96505737304688,19.668487548828125,917277.5247856388,136441.24132717,,1.0,0.02446490490393676,,m_480014
_500229,144.8375244140625,19.7960205078125,923922.282987323,136792.90256967,,1.0,0.03165401939240556,,m_500270
_500238,144.62428283691406,20.009262084960938,963380.0165770896,147403.8040631,,1.0,0.03994512084449127,,m_500187
_500239,144.4304962158203,20.203048706054688,984257.1958205526,149768.721503,,1.0,0.025286531642388716,,m_500128
_500241,144.30783081054688,20.325714111328125,996062.0274676756,145424.3730107,,1.0,0.010748804823370121,,m_500012
_500242,144.30654907226562,20.32699584960937,999140.7018592408,145635.98816259997,,1.0,0.01539104059463041,,m_490351
_500243,144.0471649169922,20.58638000488281,1009574.150654704,152365.702955,,1.0,0.02597516284233864,,m_480346
_500244,143.8144073486328,20.819137573242188,1017048.8543895396,142876.74424643998,,1.0,0.020495494636163757,,m_480230
_500245,143.65023803710938,20.983306884765625,1022897.5392919722,136006.4313453,,1.0,0.01645790852992072,,m_500268
_500247,143.4844512939453,21.149093627929688,1026695.310302966,139893.78942034,,1.0,0.011716448451589968,,m_500348
_500248,143.4099884033203,21.223556518554688,1029263.0482464992,138324.8049335,,1.0,0.009386273137754492,,m_480008
_500250,143.30357360839844,21.32997131347656,1032881.5563940196,138312.77273189,,1.0,0.017053840637507138,,m_500148
_500255,143.2883758544922,21.34516906738281,1059912.2921738173,154661.1665793,,1.0,0.017688143354160392,,m_470036
_500257,143.22093200683594,21.412612915039062,1068748.5942260704,144715.8224015,,1.0,0.020942112899133218,,m_500223
_500258,142.85174560546875,21.78179931640625,1070614.536054106,156085.12869610003,,1.0,0.023356598853356423,,m_480121
_500259,142.65692138671875,21.97662353515625,1073461.8295848796,157780.0308609,,1.0,0.028729678971789706,,m_490309
_500263,142.62356567382812,22.009979248046875,1120062.5985125196,161774.41711059998,,1.0,0.036173337874109916,,m_500197
_500268,142.58401489257812,22.049530029296875,1155822.0852087168,163206.2216193,,1.0,0.03346454413574581,,m_470348
_500269,142.21253967285156,22.42100524902344,1164042.9926304277,164000.8569849,,1.0,0.026080096769413367,,m_480188
_500270,142.08432006835938,22.549224853515625,1173280.837474035,167375.60265634002,,1.0,0.025049388653346875,,m_490151
_500273,141.88755798339844,22.74598693847656,1195340.557350231,165633.6730974,,1.0,0.04996738679526379,,m_500162
_500278,141.66152954101562,22.97201538085937,1256850.6889977988,172056.36498234,,1.0,0.04893939741002762,,m_500297
_500281,141.52163696289062,23.11190795898437,1281707.4376886056,165825.56915034,,1.0,0.02711098420949534,,m_500340
_500282,141.3076934814453,23.325851440429688,1290526.4474804548,174949.5962467,,1.0,0.03665805538059082,,m_500264
_500286,141.3054656982422,23.32807922363281,1351831.0428134613,188613.80608004,,1.0,0.03394788238322751,,m_500324
_500288,141.1782989501953,23.455245971679688,1362103.1466560236,177149.40118133996,,1.0,0.018466243430365514,,m_500011
_500289,141.03045654296875,23.60308837890625,1371581.192559604,181205.6112669,,1.0,0.019453680300198194,,m_480215
_500290,140.92355346679688,23.709991455078125,1386187.9330444362,184938.84756569995,,1.0,0.029033555102917802,,m_500062
_500293,140.7519989013672,23.88154602050781,1417064.736450022,186036.0757935,,1.0,0.0354655905501269,,m_490304
_500294,140.5618438720703,24.071701049804688,1439726.1594994164,184423.26398114,,1.0,inf,,m_500351
_500031,161.59817504882812,3.035369873046875,114854.54730005564,42192.8931012,0.0,2.0,inf,490266.0,d_490266
_500036,161.58200073242188,3.051544189453125,125995.55825808874,44229.707479,0.0,2.0,0.007138834851149946,480150.0,d_480150
_500038,161.55845642089844,3.0750885009765625,128733.53293769612,44697.51636329999,0.0,2.0,0.02244696819170606,440040.0,d_440040
_500042,161.10313415527344,3.5304107666015625,136448.56256227376,59486.22756299999,0.0,2.0,0.026619128873151356,460297.0,d_460297
_500043,160.98895263671875,3.64459228515625,140976.4485096776,59562.1383692,0.0,2.0,0.015066596038427641,480004.0,d_480004
_500045,160.78077697753906,3.8527679443359375,143376.7787671534,55806.9230201,0.0,2.0,0.017804429361596485,370241.0,d_370241
_500048,160.58526611328125,4.04827880859375,147030.49757369093,70426.3312686,0.0,2.0,0.014950853692345308,480198.0,d_480198
_500050,160.48550415039062,4.148040771484375,152558.905983951,51755.41695100001,0.0,2.0,0.02087616066320717,370163.0,d_370163
_500052,160.17103576660156,4.4625091552734375,159670.23137111284,65285.08706400001,0.0,2.0,0.020833528522151624,410019.0,d_410019
_500055,160.16404724121094,4.469497680664063,173791.53750515482,65021.7882615,0.0,2.0,0.009400330234815232,410076.0,d_410076
_500056,160.08836364746094,4.545181274414063,175098.45052976048,76553.4507375,0.0,2.0,0.009855105661248777,410150.0,d_410150
_500057,159.94131469726562,4.692230224609375,177209.70047251278,73900.78814671001,0.0,2.0,0.010666446300357407,460141.0,d_460141
_500062,159.93971252441406,4.6938323974609375,187462.7444568333,73522.8561896,0.0,2.0,0.005412113485827461,420126.0,d_420126
_500063,159.9095458984375,4.7239990234375,187576.3042386244,69967.47174400001,0.0,2.0,0.006594185981222038,490333.0,d_490333
_500064,159.78370666503906,4.8498382568359375,189096.1768694547,78535.96721451,0.0,2.0,0.006820265180820243,470294.0,d_470294
_500065,159.7550811767578,4.878463745117188,189911.68926246648,75300.2014976,0.0,2.0,0.00451240653715708,410232.0,d_410232
_500066,159.74948120117188,4.884063720703125,197013.9717406958,78156.60873657,0.0,2.0,0.00739749406788994,500131.0,d_500131
_500067,159.64491271972656,4.9886322021484375,197823.4142088449,77577.70455709999,0.0,2.0,0.013137925427785316,420122.0,d_420122
_500068,159.42559814453125,5.20794677734375,199043.4431674211,77879.2224593,0.0,2.0,0.015709451247917488,500187.0,d_500187
_500071,159.3775177001953,5.256027221679688,211489.7767853783,80241.75102047,0.0,2.0,0.011691848249175397,350216.0,d_350216
_500076,159.31414794921875,5.31939697265625,217423.94819790308,77730.35147627,0.0,2.0,0.016573244481541707,490244.0,d_490244
_500077,159.05067443847656,5.5828704833984375,221712.4676895137,82293.20729227,0.0,2.0,0.016693152021785132,370159.0,d_370159
_500079,158.9991455078125,5.6343994140625,229052.4471503408,71226.27685557,0.0,2.0,0.02238285850185794,390306.0,d_390306
_500081,158.57260131835938,6.060943603515625,232081.78229757643,65859.49824587001,0.0,2.0,0.06501351860802193,470177.0,d_470177
_500083,157.4029541015625,7.2305908203125,239710.0326805569,65971.37998307002,0.0,2.0,0.0550943993483453,480172.0,d_480172
_500086,157.30111694335938,7.332427978515625,248724.0294887488,68906.82770717001,0.0,2.0,0.012600906119485056,460032.0,d_460032
_500087,157.20779418945312,7.425750732421875,252483.83234338864,72001.22959757001,0.0,2.0,0.03201000955461353,490213.0,d_490213
_500095,156.9447784423828,7.6887664794921875,294245.1089495032,78601.22508817,0.0,2.0,0.029850883065777083,500220.0,d_500220
_500096,156.88449096679688,7.749053955078125,295778.21093221114,80486.79467607,0.0,2.0,0.015299969007880452,470149.0,d_470149
_500100,156.6882781982422,7.9452667236328125,307923.2217844132,81627.46130786999,0.0,2.0,0.0188725046927329,480174.0,d_480174
_500101,156.61537170410156,8.018173217773438,317082.32300619537,82711.20743016999,0.0,2.0,0.05739058994276399,500327.0,d_500327
_500121,156.57554626464844,8.057998657226562,438866.78564528783,110668.7522899,0.0,2.0,0.0561377680809831,500109.0,d_500109
_500123,156.47523498535156,8.158309936523438,442367.3495450314,115456.71160619995,0.0,2.0,0.015036273606960249,500052.0,d_500052
_500124,156.32322692871094,8.310317993164062,452286.6656739965,119164.14419144002,0.0,2.0,0.05077138499123337,490055.0,d_490055
_500129,155.4311065673828,9.202438354492188,469665.8466992274,115591.57657538002,0.0,2.0,0.05698724947906487,470233.0,d_470233
_500135,155.25575256347656,9.377792358398438,492723.3316047314,129555.44935448,0.0,2.0,0.017111530091971017,470071.0,d_470071
_500136,155.23658752441406,9.396957397460938,493621.9560568268,121163.48625178,0.0,2.0,0.007143833066928369,470141.0,d_470141
_500139,155.222900390625,9.41064453125,507258.4096447364,123716.16785317,0.0,2.0,0.02085261059532533,480053.0,d_480053
_500142,154.9359588623047,9.697586059570312,516854.4024239892,122610.90037338,0.0,2.0,0.023755758551531843,490085.0,d_490085
_500144,154.85623168945312,9.777313232421877,531457.7755410394,124742.30576958,0.0,2.0,0.01187571926905648,460157.0,d_460157
_500146,154.84722900390625,9.78631591796875,537818.450074757,124855.63416401,0.0,2.0,0.0077267325751613535,500037.0,d_500037
_500148,154.84397888183594,9.789566040039062,549361.4615417965,128105.44349248,0.0,2.0,0.02115960220576142,500192.0,d_500192
_500151,154.67056274414062,9.962982177734377,573430.0276167799,141572.51261168,0.0,2.0,0.03069874528238266,480176.0,d_480176
_500152,154.33839416503906,10.295150756835938,577656.5939067696,139063.3851203,0.0,2.0,0.025889440623430966,500137.0,d_500137
_500154,154.08038330078125,10.55316162109375,581935.2329125851,142648.81514427,0.0,2.0,0.014603922471262581,480095.0,d_480095
_500156,154.0234375,10.610107421875,584137.7957215036,153799.9736961,0.0,2.0,0.025425153810018617,490317.0,d_490317
_500160,153.55447387695312,11.079071044921877,595321.2745560474,146027.490847,0.0,2.0,0.025999711687631818,490299.0,d_490299
_500161,153.52061462402344,11.112930297851562,601105.0636985576,161859.494768,0.0,2.0,0.006430507355533606,500057.0,d_500057
_500162,153.50340270996094,11.130142211914062,606389.3146481349,162695.069289,0.0,2.0,0.023970731057521916,490063.0,d_490063
_500170,153.34616088867188,11.287384033203123,643855.7142715504,163115.51540027,0.0,2.0,0.023976774893283107,470139.0,d_470139
_500171,153.2919464111328,11.341598510742188,645685.674430998,160219.93221947,0.0,2.0,0.009316354091685877,490123.0,d_490123
_500175,153.2778778076172,11.355667114257812,660425.9177557508,168836.80855590003,0.0,2.0,0.009730571702508687,500284.0,d_500284
_500176,153.20510864257812,11.428436279296877,661537.6452218515,159297.89138026998,0.0,2.0,0.008976407276191947,490353.0,d_490353
_500177,153.10531616210938,11.528228759765623,666381.1975729265,170192.1586186,0.0,2.0,0.014243237607191976,470095.0,d_470095
_500184,153.091796875,11.541748046875,686034.7928367852,172070.13490327,0.0,2.0,0.013671161623105187,500028.0,d_500028
_500187,153.08287048339844,11.550674438476562,697986.9243112272,165413.72920207,0.0,2.0,0.014787268509972012,470066.0,d_470066
_500189,152.88626098632812,11.747283935546877,703226.8852328792,167673.41504676998,0.0,2.0,0.014757459678175131,500182.0,d_500182
_500191,152.8824005126953,11.751144409179688,715580.472202095,169634.20763937003,0.0,2.0,0.013268995652530181,460163.0,d_460163
_500197,152.73797607421875,11.89556884765625,722042.8381551959,174350.03396087,0.0,2.0,0.015301494251607244,480281.0,d_480281
_500199,152.68788146972656,11.945663452148438,735073.4240363048,174455.48057577,0.0,2.0,0.027949350472900848,500200.0,d_500200
_500207,152.67477416992188,11.958770751953123,785034.3753405705,178857.60812837002,0.0,2.0,0.022712415479054806,490241.0,d_490241
_500209,152.6645965576172,11.968948364257812,788894.2476748974,179760.52015257,0.0,2.0,0.014503693750785198,490302.0,d_490302
_500212,152.6549530029297,11.978591918945312,818939.0089191193,194951.80093467,0.0,2.0,0.014966136864073398,490232.0,d_490232
_500214,152.64039611816406,11.993148803710938,823528.5852619864,194713.96152957,0.0,2.0,0.0061170448559684735,500096.0,d_500096
_500215,152.5439910888672,12.089553833007812,823619.0316537628,211418.2116482,0.0,2.0,0.024203645898197172,500295.0,d_500295
_500220,152.4662628173828,12.167282104492188,866883.5960376181,226893.96701820003,0.0,2.0,0.0366654094829447,480348.0,d_480348
_500226,152.44900512695312,12.184539794921877,905122.5582190276,228068.55507760003,0.0,2.0,0.029912176089443257,470274.0,d_470274
_500230,152.3112335205078,12.322311401367188,926105.7148715128,234517.1082382,0.0,2.0,0.018944514029609397,460278.0,d_460278
_500233,152.28651428222656,12.347030639648438,936601.229671183,225520.6903407,0.0,2.0,0.010266286300970684,500297.0,d_500297
_500234,152.2147979736328,12.418746948242188,942378.7977411158,230953.55053260003,0.0,2.0,0.04555746017517533,500091.0,d_500091
_500251,152.19354248046875,12.44000244140625,1040219.4716735984,251333.0539367,0.0,2.0,0.04337271277827415,490018.0,d_490018
_500253,152.17616271972656,12.457382202148438,1045704.2742730444,254559.43961320003,0.0,2.0,0.013492320258563487,450124.0,d_450124
_500254,151.92774963378906,12.705795288085938,1048569.0805031152,256064.17291781,0.0,2.0,inf,480237.0,d_480237
_500000,161.8752899169922,2.7582550048828125,12142.075525179218,10922.657701,0.0,,,400057.0,u_400057
_500001,161.84507751464844,2.7884674072265625,13659.446262996116,14636.33285,0.0,,,20129.0,u_020129
_500012,163.2586669921875,1.3748779296875,65473.74067746222,25200.639617000004,0.0,,,290145.0,d_290145
_500013,163.25827026367188,1.375274658203125,67106.41911685011,24618.087243600003,0.0,,,490309.0,d_490309
_500016,162.81930541992188,1.814239501953125,70275.96150919466,37223.349813600005,0.0,,,480108.0,d_480108
_500018,162.78292846679688,1.850616455078125,88433.33227497332,40291.057770700005,0.0,,,500213.0,d_500213
_500020,162.4319610595703,2.2015838623046875,95693.64602876184,40451.73799467,0.0,,,380222.0,d_380222
_500024,162.15594482421875,2.47760009765625,102301.08610705682,40872.87181329999,0.0,,,420044.0,d_420044
_500025,162.14907836914062,2.484466552734375,106116.11810964748,39958.82249597,0.0,,,440207.0,d_440207
_500026,161.9679718017578,2.6655731201171875,109414.3439166845,41697.48489957,0.0,,,500124.0,d_500124
_500027,161.92698669433594,2.7065582275390625,111987.83752164702,46366.77811096999,0.0,,,340178.0,d_340178
_500028,161.8866424560547,2.7469024658203125,112527.01299115064,44583.93972867,0.0,,,280170.0,d_280170
